neuron_id,role,label,source_locator,source_artifact,id_namespace,dataset_id,verification_status,notes
720575940603514141,table3_activation_input,horseshoe,figures.ipynb:types_and_ids,sez_neurons.pickle,flywire_root_id,flywire-630-2023-03-23,SOURCE_VERIFIED_COMPUTATIONAL,"Computational source mapping only; upstream pickle sha256=2bc5a2a8289924f2de39a8e68bdc07025cb6d6c6c6ddc83a973c0cace7cec2ce. No driver-line, cell-identity, assay-equivalence, or biological-validation claim."
720575940604130481,table3_activation_input,horseshoe,figures.ipynb:types_and_ids,sez_neurons.pickle,flywire_root_id,flywire-630-2023-03-23,SOURCE_VERIFIED_COMPUTATIONAL,"Computational source mapping only; upstream pickle sha256=2bc5a2a8289924f2de39a8e68bdc07025cb6d6c6c6ddc83a973c0cace7cec2ce. No driver-line, cell-identity, assay-equivalence, or biological-validation claim."
720575940604470240,table3_activation_input,amulet,figures.ipynb:types_and_ids,sez_neurons.pickle,flywire_root_id,flywire-630-2023-03-23,SOURCE_VERIFIED_COMPUTATIONAL,"Computational source mapping only; upstream pickle sha256=2bc5a2a8289924f2de39a8e68bdc07025cb6d6c6c6ddc83a973c0cace7cec2ce. No driver-line, cell-identity, assay-equivalence, or biological-validation claim."
720575940604722278,table3_activation_input,horn,figures.ipynb:types_and_ids,sez_neurons.pickle,flywire_root_id,flywire-630-2023-03-23,SOURCE_VERIFIED_COMPUTATIONAL,"Computational source mapping only; upstream pickle sha256=2bc5a2a8289924f2de39a8e68bdc07025cb6d6c6c6ddc83a973c0cace7cec2ce. No driver-line, cell-identity, assay-equivalence, or biological-validation claim."
720575940604764862,table3_activation_input,aDT6,figures.ipynb:types_and_ids,sez_neurons.pickle,flywire_root_id,flywire-630-2023-03-23,SOURCE_VERIFIED_COMPUTATIONAL,"Computational source mapping only; upstream pickle sha256=2bc5a2a8289924f2de39a8e68bdc07025cb6d6c6c6ddc83a973c0cace7cec2ce. No driver-line, cell-identity, assay-equivalence, or biological-validation claim."
720575940604791217,table3_activation_input,OinkT,figures.ipynb:types_and_ids,sez_neurons.pickle,flywire_root_id,flywire-630-2023-03-23,SOURCE_VERIFIED_COMPUTATIONAL,"Computational source mapping only; upstream pickle sha256=2bc5a2a8289924f2de39a8e68bdc07025cb6d6c6c6ddc83a973c0cace7cec2ce. No driver-line, cell-identity, assay-equivalence, or biological-validation claim."
720575940605699104,table3_activation_input,diatom,figures.ipynb:types_and_ids,sez_neurons.pickle,flywire_root_id,flywire-630-2023-03-23,SOURCE_VERIFIED_COMPUTATIONAL,"Computational source mapping only; upstream pickle sha256=2bc5a2a8289924f2de39a8e68bdc07025cb6d6c6c6ddc83a973c0cace7cec2ce. No driver-line, cell-identity, assay-equivalence, or biological-validation claim."
720575940607014530,table3_activation_input,sundrop,figures.ipynb:types_and_ids,sez_neurons.pickle,flywire_root_id,flywire-630-2023-03-23,SOURCE_VERIFIED_COMPUTATIONAL,"Computational source mapping only; upstream pickle sha256=2bc5a2a8289924f2de39a8e68bdc07025cb6d6c6c6ddc83a973c0cace7cec2ce. No driver-line, cell-identity, assay-equivalence, or biological-validation claim."
720575940607272649,table3_activation_input,roundup,figures.ipynb:types_and_ids,sez_neurons.pickle,flywire_root_id,flywire-630-2023-03-23,SOURCE_VERIFIED_COMPUTATIONAL,"Computational source mapping only; upstream pickle sha256=2bc5a2a8289924f2de39a8e68bdc07025cb6d6c6c6ddc83a973c0cace7cec2ce. No driver-line, cell-identity, assay-equivalence, or biological-validation claim."
720575940607641010,table3_activation_input,shark,figures.ipynb:types_and_ids,sez_neurons.pickle,flywire_root_id,flywire-630-2023-03-23,SOURCE_VERIFIED_COMPUTATIONAL,"Computational source mapping only; upstream pickle sha256=2bc5a2a8289924f2de39a8e68bdc07025cb6d6c6c6ddc83a973c0cace7cec2ce. No driver-line, cell-identity, assay-equivalence, or biological-validation claim."
720575940608402012,table3_activation_input,spray,figures.ipynb:types_and_ids,sez_neurons.pickle,flywire_root_id,flywire-630-2023-03-23,SOURCE_VERIFIED_COMPUTATIONAL,"Computational source mapping only; upstream pickle sha256=2bc5a2a8289924f2de39a8e68bdc07025cb6d6c6c6ddc83a973c0cace7cec2ce. No driver-line, cell-identity, assay-equivalence, or biological-validation claim."
720575940608451420,table3_activation_input,horntail,figures.ipynb:types_and_ids,sez_neurons.pickle,flywire_root_id,flywire-630-2023-03-23,SOURCE_VERIFIED_COMPUTATIONAL,"Computational source mapping only; upstream pickle sha256=2bc5a2a8289924f2de39a8e68bdc07025cb6d6c6c6ddc83a973c0cace7cec2ce. No driver-line, cell-identity, assay-equivalence, or biological-validation claim."
720575940608901897,table3_activation_input,ruby,figures.ipynb:types_and_ids,sez_neurons.pickle,flywire_root_id,flywire-630-2023-03-23,SOURCE_VERIFIED_COMPUTATIONAL,"Computational source mapping only; upstream pickle sha256=2bc5a2a8289924f2de39a8e68bdc07025cb6d6c6c6ddc83a973c0cace7cec2ce. No driver-line, cell-identity, assay-equivalence, or biological-validation claim."
720575940609030776,table3_activation_input,brontosaraus,figures.ipynb:types_and_ids,sez_neurons.pickle,flywire_root_id,flywire-630-2023-03-23,SOURCE_VERIFIED_COMPUTATIONAL,"Computational source mapping only; upstream pickle sha256=2bc5a2a8289924f2de39a8e68bdc07025cb6d6c6c6ddc83a973c0cace7cec2ce. No driver-line, cell-identity, assay-equivalence, or biological-validation claim."
720575940609589443,table3_activation_input,knees,figures.ipynb:types_and_ids,sez_neurons.pickle,flywire_root_id,flywire-630-2023-03-23,SOURCE_VERIFIED_COMPUTATIONAL,"Computational source mapping only; upstream pickle sha256=2bc5a2a8289924f2de39a8e68bdc07025cb6d6c6c6ddc83a973c0cace7cec2ce. No driver-line, cell-identity, assay-equivalence, or biological-validation claim."
720575940609617614,table3_activation_input,brontosaraus,figures.ipynb:types_and_ids,sez_neurons.pickle,flywire_root_id,flywire-630-2023-03-23,SOURCE_VERIFIED_COMPUTATIONAL,"Computational source mapping only; upstream pickle sha256=2bc5a2a8289924f2de39a8e68bdc07025cb6d6c6c6ddc83a973c0cace7cec2ce. No driver-line, cell-identity, assay-equivalence, or biological-validation claim."
720575940610001220,table3_activation_input,bract,figures.ipynb:types_and_ids,sez_neurons.pickle,flywire_root_id,flywire-630-2023-03-23,SOURCE_VERIFIED_COMPUTATIONAL,"Computational source mapping only; upstream pickle sha256=2bc5a2a8289924f2de39a8e68bdc07025cb6d6c6c6ddc83a973c0cace7cec2ce. No driver-line, cell-identity, assay-equivalence, or biological-validation claim."
720575940610056772,table3_activation_input,kitty,figures.ipynb:types_and_ids,sez_neurons.pickle,flywire_root_id,flywire-630-2023-03-23,SOURCE_VERIFIED_COMPUTATIONAL,"Computational source mapping only; upstream pickle sha256=2bc5a2a8289924f2de39a8e68bdc07025cb6d6c6c6ddc83a973c0cace7cec2ce. No driver-line, cell-identity, assay-equivalence, or biological-validation claim."
720575940610232274,table3_activation_input,gnome,figures.ipynb:types_and_ids,sez_neurons.pickle,flywire_root_id,flywire-630-2023-03-23,SOURCE_VERIFIED_COMPUTATIONAL,"Computational source mapping only; upstream pickle sha256=2bc5a2a8289924f2de39a8e68bdc07025cb6d6c6c6ddc83a973c0cace7cec2ce. No driver-line, cell-identity, assay-equivalence, or biological-validation claim."
720575940610322040,table3_activation_input,rocket,figures.ipynb:types_and_ids,sez_neurons.pickle,flywire_root_id,flywire-630-2023-03-23,SOURCE_VERIFIED_COMPUTATIONAL,"Computational source mapping only; upstream pickle sha256=2bc5a2a8289924f2de39a8e68bdc07025cb6d6c6c6ddc83a973c0cace7cec2ce. No driver-line, cell-identity, assay-equivalence, or biological-validation claim."
720575940610390746,table3_activation_input,mandala,figures.ipynb:types_and_ids,sez_neurons.pickle,flywire_root_id,flywire-630-2023-03-23,SOURCE_VERIFIED_COMPUTATIONAL,"Computational source mapping only; upstream pickle sha256=2bc5a2a8289924f2de39a8e68bdc07025cb6d6c6c6ddc83a973c0cace7cec2ce. No driver-line, cell-identity, assay-equivalence, or biological-validation claim."
720575940610690372,table3_activation_input,marge,figures.ipynb:types_and_ids,sez_neurons.pickle,flywire_root_id,flywire-630-2023-03-23,SOURCE_VERIFIED_COMPUTATIONAL,"Computational source mapping only; upstream pickle sha256=2bc5a2a8289924f2de39a8e68bdc07025cb6d6c6c6ddc83a973c0cace7cec2ce. No driver-line, cell-identity, assay-equivalence, or biological-validation claim."
720575940610698931,table3_activation_input,pSG1,figures.ipynb:types_and_ids,sez_neurons.pickle,flywire_root_id,flywire-630-2023-03-23,SOURCE_VERIFIED_COMPUTATIONAL,"Computational source mapping only; upstream pickle sha256=2bc5a2a8289924f2de39a8e68bdc07025cb6d6c6c6ddc83a973c0cace7cec2ce. No driver-line, cell-identity, assay-equivalence, or biological-validation claim."
720575940610956334,table3_activation_input,turner,figures.ipynb:types_and_ids,sez_neurons.pickle,flywire_root_id,flywire-630-2023-03-23,SOURCE_VERIFIED_COMPUTATIONAL,"Computational source mapping only; upstream pickle sha256=2bc5a2a8289924f2de39a8e68bdc07025cb6d6c6c6ddc83a973c0cace7cec2ce. No driver-line, cell-identity, assay-equivalence, or biological-validation claim."
720575940611156978,table3_activation_input,vice,figures.ipynb:types_and_ids,sez_neurons.pickle,flywire_root_id,flywire-630-2023-03-23,SOURCE_VERIFIED_COMPUTATIONAL,"Computational source mapping only; upstream pickle sha256=2bc5a2a8289924f2de39a8e68bdc07025cb6d6c6c6ddc83a973c0cace7cec2ce. No driver-line, cell-identity, assay-equivalence, or biological-validation claim."
720575940611160930,table3_activation_input,foxglove,figures.ipynb:types_and_ids,sez_neurons.pickle,flywire_root_id,flywire-630-2023-03-23,SOURCE_VERIFIED_COMPUTATIONAL,"Computational source mapping only; upstream pickle sha256=2bc5a2a8289924f2de39a8e68bdc07025cb6d6c6c6ddc83a973c0cace7cec2ce. No driver-line, cell-identity, assay-equivalence, or biological-validation claim."
720575940611411057,table3_activation_input,earmuff,figures.ipynb:types_and_ids,sez_neurons.pickle,flywire_root_id,flywire-630-2023-03-23,SOURCE_VERIFIED_COMPUTATIONAL,"Computational source mapping only; upstream pickle sha256=2bc5a2a8289924f2de39a8e68bdc07025cb6d6c6c6ddc83a973c0cace7cec2ce. No driver-line, cell-identity, assay-equivalence, or biological-validation claim."
720575940611502286,table3_activation_input,pleco,figures.ipynb:types_and_ids,sez_neurons.pickle,flywire_root_id,flywire-630-2023-03-23,SOURCE_VERIFIED_COMPUTATIONAL,"Computational source mapping only; upstream pickle sha256=2bc5a2a8289924f2de39a8e68bdc07025cb6d6c6c6ddc83a973c0cace7cec2ce. No driver-line, cell-identity, assay-equivalence, or biological-validation claim."
720575940611697394,table3_activation_input,handup,figures.ipynb:types_and_ids,sez_neurons.pickle,flywire_root_id,flywire-630-2023-03-23,SOURCE_VERIFIED_COMPUTATIONAL,"Computational source mapping only; upstream pickle sha256=2bc5a2a8289924f2de39a8e68bdc07025cb6d6c6c6ddc83a973c0cace7cec2ce. No driver-line, cell-identity, assay-equivalence, or biological-validation claim."
720575940611715813,table3_activation_input,pringle,figures.ipynb:types_and_ids,sez_neurons.pickle,flywire_root_id,flywire-630-2023-03-23,SOURCE_VERIFIED_COMPUTATIONAL,"Computational source mapping only; upstream pickle sha256=2bc5a2a8289924f2de39a8e68bdc07025cb6d6c6c6ddc83a973c0cace7cec2ce. No driver-line, cell-identity, assay-equivalence, or biological-validation claim."
720575940611783410,table3_activation_input,rocket,figures.ipynb:types_and_ids,sez_neurons.pickle,flywire_root_id,flywire-630-2023-03-23,SOURCE_VERIFIED_COMPUTATIONAL,"Computational source mapping only; upstream pickle sha256=2bc5a2a8289924f2de39a8e68bdc07025cb6d6c6c6ddc83a973c0cace7cec2ce. No driver-line, cell-identity, assay-equivalence, or biological-validation claim."
720575940611849826,table3_activation_input,moor,figures.ipynb:types_and_ids,sez_neurons.pickle,flywire_root_id,flywire-630-2023-03-23,SOURCE_VERIFIED_COMPUTATIONAL,"Computational source mapping only; upstream pickle sha256=2bc5a2a8289924f2de39a8e68bdc07025cb6d6c6c6ddc83a973c0cace7cec2ce. No driver-line, cell-identity, assay-equivalence, or biological-validation claim."
720575940612023922,table3_activation_input,weaver,figures.ipynb:types_and_ids,sez_neurons.pickle,flywire_root_id,flywire-630-2023-03-23,SOURCE_VERIFIED_COMPUTATIONAL,"Computational source mapping only; upstream pickle sha256=2bc5a2a8289924f2de39a8e68bdc07025cb6d6c6c6ddc83a973c0cace7cec2ce. No driver-line, cell-identity, assay-equivalence, or biological-validation claim."
720575940612030899,table3_activation_input,peacock,figures.ipynb:types_and_ids,sez_neurons.pickle,flywire_root_id,flywire-630-2023-03-23,SOURCE_VERIFIED_COMPUTATIONAL,"Computational source mapping only; upstream pickle sha256=2bc5a2a8289924f2de39a8e68bdc07025cb6d6c6c6ddc83a973c0cace7cec2ce. No driver-line, cell-identity, assay-equivalence, or biological-validation claim."
720575940612033253,table3_activation_input,broom,figures.ipynb:types_and_ids,sez_neurons.pickle,flywire_root_id,flywire-630-2023-03-23,SOURCE_VERIFIED_COMPUTATIONAL,"Computational source mapping only; upstream pickle sha256=2bc5a2a8289924f2de39a8e68bdc07025cb6d6c6c6ddc83a973c0cace7cec2ce. No driver-line, cell-identity, assay-equivalence, or biological-validation claim."
720575940612107673,table3_activation_input,bamboo,figures.ipynb:types_and_ids,sez_neurons.pickle,flywire_root_id,flywire-630-2023-03-23,SOURCE_VERIFIED_COMPUTATIONAL,"Computational source mapping only; upstream pickle sha256=2bc5a2a8289924f2de39a8e68bdc07025cb6d6c6c6ddc83a973c0cace7cec2ce. No driver-line, cell-identity, assay-equivalence, or biological-validation claim."
720575940612206810,table3_activation_input,handup,figures.ipynb:types_and_ids,sez_neurons.pickle,flywire_root_id,flywire-630-2023-03-23,SOURCE_VERIFIED_COMPUTATIONAL,"Computational source mapping only; upstream pickle sha256=2bc5a2a8289924f2de39a8e68bdc07025cb6d6c6c6ddc83a973c0cace7cec2ce. No driver-line, cell-identity, assay-equivalence, or biological-validation claim."
720575940612289010,table3_activation_input,kelp,figures.ipynb:types_and_ids,sez_neurons.pickle,flywire_root_id,flywire-630-2023-03-23,SOURCE_VERIFIED_COMPUTATIONAL,"Computational source mapping only; upstream pickle sha256=2bc5a2a8289924f2de39a8e68bdc07025cb6d6c6c6ddc83a973c0cace7cec2ce. No driver-line, cell-identity, assay-equivalence, or biological-validation claim."
720575940612302506,table3_activation_input,aDT6,figures.ipynb:types_and_ids,sez_neurons.pickle,flywire_root_id,flywire-630-2023-03-23,SOURCE_VERIFIED_COMPUTATIONAL,"Computational source mapping only; upstream pickle sha256=2bc5a2a8289924f2de39a8e68bdc07025cb6d6c6c6ddc83a973c0cace7cec2ce. No driver-line, cell-identity, assay-equivalence, or biological-validation claim."
720575940612648106,table3_activation_input,fudog,figures.ipynb:types_and_ids,sez_neurons.pickle,flywire_root_id,flywire-630-2023-03-23,SOURCE_VERIFIED_COMPUTATIONAL,"Computational source mapping only; upstream pickle sha256=2bc5a2a8289924f2de39a8e68bdc07025cb6d6c6c6ddc83a973c0cace7cec2ce. No driver-line, cell-identity, assay-equivalence, or biological-validation claim."
720575940612879783,table3_activation_input,vice,figures.ipynb:types_and_ids,sez_neurons.pickle,flywire_root_id,flywire-630-2023-03-23,SOURCE_VERIFIED_COMPUTATIONAL,"Computational source mapping only; upstream pickle sha256=2bc5a2a8289924f2de39a8e68bdc07025cb6d6c6c6ddc83a973c0cace7cec2ce. No driver-line, cell-identity, assay-equivalence, or biological-validation claim."
720575940612938961,table3_activation_input,weaver,figures.ipynb:types_and_ids,sez_neurons.pickle,flywire_root_id,flywire-630-2023-03-23,SOURCE_VERIFIED_COMPUTATIONAL,"Computational source mapping only; upstream pickle sha256=2bc5a2a8289924f2de39a8e68bdc07025cb6d6c6c6ddc83a973c0cace7cec2ce. No driver-line, cell-identity, assay-equivalence, or biological-validation claim."
720575940613043939,table3_activation_input,basket,figures.ipynb:types_and_ids,sez_neurons.pickle,flywire_root_id,flywire-630-2023-03-23,SOURCE_VERIFIED_COMPUTATIONAL,"Computational source mapping only; upstream pickle sha256=2bc5a2a8289924f2de39a8e68bdc07025cb6d6c6c6ddc83a973c0cace7cec2ce. No driver-line, cell-identity, assay-equivalence, or biological-validation claim."
720575940613222195,table3_activation_input,oink,figures.ipynb:types_and_ids,sez_neurons.pickle,flywire_root_id,flywire-630-2023-03-23,SOURCE_VERIFIED_COMPUTATIONAL,"Computational source mapping only; upstream pickle sha256=2bc5a2a8289924f2de39a8e68bdc07025cb6d6c6c6ddc83a973c0cace7cec2ce. No driver-line, cell-identity, assay-equivalence, or biological-validation claim."
720575940613361010,table3_activation_input,peahen,figures.ipynb:types_and_ids,sez_neurons.pickle,flywire_root_id,flywire-630-2023-03-23,SOURCE_VERIFIED_COMPUTATIONAL,"Computational source mapping only; upstream pickle sha256=2bc5a2a8289924f2de39a8e68bdc07025cb6d6c6c6ddc83a973c0cace7cec2ce. No driver-line, cell-identity, assay-equivalence, or biological-validation claim."
720575940613412002,table3_activation_input,weaver,figures.ipynb:types_and_ids,sez_neurons.pickle,flywire_root_id,flywire-630-2023-03-23,SOURCE_VERIFIED_COMPUTATIONAL,"Computational source mapping only; upstream pickle sha256=2bc5a2a8289924f2de39a8e68bdc07025cb6d6c6c6ddc83a973c0cace7cec2ce. No driver-line, cell-identity, assay-equivalence, or biological-validation claim."
720575940613428707,table3_activation_input,aSG7,figures.ipynb:types_and_ids,sez_neurons.pickle,flywire_root_id,flywire-630-2023-03-23,SOURCE_VERIFIED_COMPUTATIONAL,"Computational source mapping only; upstream pickle sha256=2bc5a2a8289924f2de39a8e68bdc07025cb6d6c6c6ddc83a973c0cace7cec2ce. No driver-line, cell-identity, assay-equivalence, or biological-validation claim."
720575940613433519,table3_activation_input,OinkT,figures.ipynb:types_and_ids,sez_neurons.pickle,flywire_root_id,flywire-630-2023-03-23,SOURCE_VERIFIED_COMPUTATIONAL,"Computational source mapping only; upstream pickle sha256=2bc5a2a8289924f2de39a8e68bdc07025cb6d6c6c6ddc83a973c0cace7cec2ce. No driver-line, cell-identity, assay-equivalence, or biological-validation claim."
720575940613461043,table3_activation_input,spirit,figures.ipynb:types_and_ids,sez_neurons.pickle,flywire_root_id,flywire-630-2023-03-23,SOURCE_VERIFIED_COMPUTATIONAL,"Computational source mapping only; upstream pickle sha256=2bc5a2a8289924f2de39a8e68bdc07025cb6d6c6c6ddc83a973c0cace7cec2ce. No driver-line, cell-identity, assay-equivalence, or biological-validation claim."
720575940613735391,table3_activation_input,rocket,figures.ipynb:types_and_ids,sez_neurons.pickle,flywire_root_id,flywire-630-2023-03-23,SOURCE_VERIFIED_COMPUTATIONAL,"Computational source mapping only; upstream pickle sha256=2bc5a2a8289924f2de39a8e68bdc07025cb6d6c6c6ddc83a973c0cace7cec2ce. No driver-line, cell-identity, assay-equivalence, or biological-validation claim."
720575940613761858,table3_activation_input,kokopelli,figures.ipynb:types_and_ids,sez_neurons.pickle,flywire_root_id,flywire-630-2023-03-23,SOURCE_VERIFIED_COMPUTATIONAL,"Computational source mapping only; upstream pickle sha256=2bc5a2a8289924f2de39a8e68bdc07025cb6d6c6c6ddc83a973c0cace7cec2ce. No driver-line, cell-identity, assay-equivalence, or biological-validation claim."
720575940613828202,table3_activation_input,mime,figures.ipynb:types_and_ids,sez_neurons.pickle,flywire_root_id,flywire-630-2023-03-23,SOURCE_VERIFIED_COMPUTATIONAL,"Computational source mapping only; upstream pickle sha256=2bc5a2a8289924f2de39a8e68bdc07025cb6d6c6c6ddc83a973c0cace7cec2ce. No driver-line, cell-identity, assay-equivalence, or biological-validation claim."
720575940613950530,table3_activation_input,basket,figures.ipynb:types_and_ids,sez_neurons.pickle,flywire_root_id,flywire-630-2023-03-23,SOURCE_VERIFIED_COMPUTATIONAL,"Computational source mapping only; upstream pickle sha256=2bc5a2a8289924f2de39a8e68bdc07025cb6d6c6c6ddc83a973c0cace7cec2ce. No driver-line, cell-identity, assay-equivalence, or biological-validation claim."
720575940614223154,table3_activation_input,mime,figures.ipynb:types_and_ids,sez_neurons.pickle,flywire_root_id,flywire-630-2023-03-23,SOURCE_VERIFIED_COMPUTATIONAL,"Computational source mapping only; upstream pickle sha256=2bc5a2a8289924f2de39a8e68bdc07025cb6d6c6c6ddc83a973c0cace7cec2ce. No driver-line, cell-identity, assay-equivalence, or biological-validation claim."
720575940614235323,table3_activation_input,Asteroid,figures.ipynb:types_and_ids,sez_neurons.pickle,flywire_root_id,flywire-630-2023-03-23,SOURCE_VERIFIED_COMPUTATIONAL,"Computational source mapping only; upstream pickle sha256=2bc5a2a8289924f2de39a8e68bdc07025cb6d6c6c6ddc83a973c0cace7cec2ce. No driver-line, cell-identity, assay-equivalence, or biological-validation claim."
720575940614238114,table3_activation_input,TPN4,figures.ipynb:types_and_ids,sez_neurons.pickle,flywire_root_id,flywire-630-2023-03-23,SOURCE_VERIFIED_COMPUTATIONAL,"Computational source mapping only; upstream pickle sha256=2bc5a2a8289924f2de39a8e68bdc07025cb6d6c6c6ddc83a973c0cace7cec2ce. No driver-line, cell-identity, assay-equivalence, or biological-validation claim."
720575940614660519,table3_activation_input,justice,figures.ipynb:types_and_ids,sez_neurons.pickle,flywire_root_id,flywire-630-2023-03-23,SOURCE_VERIFIED_COMPUTATIONAL,"Computational source mapping only; upstream pickle sha256=2bc5a2a8289924f2de39a8e68bdc07025cb6d6c6c6ddc83a973c0cace7cec2ce. No driver-line, cell-identity, assay-equivalence, or biological-validation claim."
720575940614728607,table3_activation_input,weaver,figures.ipynb:types_and_ids,sez_neurons.pickle,flywire_root_id,flywire-630-2023-03-23,SOURCE_VERIFIED_COMPUTATIONAL,"Computational source mapping only; upstream pickle sha256=2bc5a2a8289924f2de39a8e68bdc07025cb6d6c6c6ddc83a973c0cace7cec2ce. No driver-line, cell-identity, assay-equivalence, or biological-validation claim."
720575940614763666,table3_activation_input,FMIn,figures.ipynb:types_and_ids,sez_neurons.pickle,flywire_root_id,flywire-630-2023-03-23,SOURCE_VERIFIED_COMPUTATIONAL,"Computational source mapping only; upstream pickle sha256=2bc5a2a8289924f2de39a8e68bdc07025cb6d6c6c6ddc83a973c0cace7cec2ce. No driver-line, cell-identity, assay-equivalence, or biological-validation claim."
720575940614897458,table3_activation_input,diatom,figures.ipynb:types_and_ids,sez_neurons.pickle,flywire_root_id,flywire-630-2023-03-23,SOURCE_VERIFIED_COMPUTATIONAL,"Computational source mapping only; upstream pickle sha256=2bc5a2a8289924f2de39a8e68bdc07025cb6d6c6c6ddc83a973c0cace7cec2ce. No driver-line, cell-identity, assay-equivalence, or biological-validation claim."
720575940614965691,table3_activation_input,aster,figures.ipynb:types_and_ids,sez_neurons.pickle,flywire_root_id,flywire-630-2023-03-23,SOURCE_VERIFIED_COMPUTATIONAL,"Computational source mapping only; upstream pickle sha256=2bc5a2a8289924f2de39a8e68bdc07025cb6d6c6c6ddc83a973c0cace7cec2ce. No driver-line, cell-identity, assay-equivalence, or biological-validation claim."
720575940615071391,table3_activation_input,haystack,figures.ipynb:types_and_ids,sez_neurons.pickle,flywire_root_id,flywire-630-2023-03-23,SOURCE_VERIFIED_COMPUTATIONAL,"Computational source mapping only; upstream pickle sha256=2bc5a2a8289924f2de39a8e68bdc07025cb6d6c6c6ddc83a973c0cace7cec2ce. No driver-line, cell-identity, assay-equivalence, or biological-validation claim."
720575940615323298,table3_activation_input,genie,figures.ipynb:types_and_ids,sez_neurons.pickle,flywire_root_id,flywire-630-2023-03-23,SOURCE_VERIFIED_COMPUTATIONAL,"Computational source mapping only; upstream pickle sha256=2bc5a2a8289924f2de39a8e68bdc07025cb6d6c6c6ddc83a973c0cace7cec2ce. No driver-line, cell-identity, assay-equivalence, or biological-validation claim."
720575940615583647,table3_activation_input,pleco,figures.ipynb:types_and_ids,sez_neurons.pickle,flywire_root_id,flywire-630-2023-03-23,SOURCE_VERIFIED_COMPUTATIONAL,"Computational source mapping only; upstream pickle sha256=2bc5a2a8289924f2de39a8e68bdc07025cb6d6c6c6ddc83a973c0cace7cec2ce. No driver-line, cell-identity, assay-equivalence, or biological-validation claim."
720575940616103218,table3_activation_input,phantom,figures.ipynb:types_and_ids,sez_neurons.pickle,flywire_root_id,flywire-630-2023-03-23,SOURCE_VERIFIED_COMPUTATIONAL,"Computational source mapping only; upstream pickle sha256=2bc5a2a8289924f2de39a8e68bdc07025cb6d6c6c6ddc83a973c0cace7cec2ce. No driver-line, cell-identity, assay-equivalence, or biological-validation claim."
720575940616172033,table3_activation_input,oink,figures.ipynb:types_and_ids,sez_neurons.pickle,flywire_root_id,flywire-630-2023-03-23,SOURCE_VERIFIED_COMPUTATIONAL,"Computational source mapping only; upstream pickle sha256=2bc5a2a8289924f2de39a8e68bdc07025cb6d6c6c6ddc83a973c0cace7cec2ce. No driver-line, cell-identity, assay-equivalence, or biological-validation claim."
720575940616287645,table3_activation_input,basket,figures.ipynb:types_and_ids,sez_neurons.pickle,flywire_root_id,flywire-630-2023-03-23,SOURCE_VERIFIED_COMPUTATIONAL,"Computational source mapping only; upstream pickle sha256=2bc5a2a8289924f2de39a8e68bdc07025cb6d6c6c6ddc83a973c0cace7cec2ce. No driver-line, cell-identity, assay-equivalence, or biological-validation claim."
720575940616455483,table3_activation_input,rocket,figures.ipynb:types_and_ids,sez_neurons.pickle,flywire_root_id,flywire-630-2023-03-23,SOURCE_VERIFIED_COMPUTATIONAL,"Computational source mapping only; upstream pickle sha256=2bc5a2a8289924f2de39a8e68bdc07025cb6d6c6c6ddc83a973c0cace7cec2ce. No driver-line, cell-identity, assay-equivalence, or biological-validation claim."
720575940616605441,table3_activation_input,weaver,figures.ipynb:types_and_ids,sez_neurons.pickle,flywire_root_id,flywire-630-2023-03-23,SOURCE_VERIFIED_COMPUTATIONAL,"Computational source mapping only; upstream pickle sha256=2bc5a2a8289924f2de39a8e68bdc07025cb6d6c6c6ddc83a973c0cace7cec2ce. No driver-line, cell-identity, assay-equivalence, or biological-validation claim."
720575940616623590,table3_activation_input,vice,figures.ipynb:types_and_ids,sez_neurons.pickle,flywire_root_id,flywire-630-2023-03-23,SOURCE_VERIFIED_COMPUTATIONAL,"Computational source mapping only; upstream pickle sha256=2bc5a2a8289924f2de39a8e68bdc07025cb6d6c6c6ddc83a973c0cace7cec2ce. No driver-line, cell-identity, assay-equivalence, or biological-validation claim."
720575940616648251,table3_activation_input,mandala,figures.ipynb:types_and_ids,sez_neurons.pickle,flywire_root_id,flywire-630-2023-03-23,SOURCE_VERIFIED_COMPUTATIONAL,"Computational source mapping only; upstream pickle sha256=2bc5a2a8289924f2de39a8e68bdc07025cb6d6c6c6ddc83a973c0cace7cec2ce. No driver-line, cell-identity, assay-equivalence, or biological-validation claim."
720575940616848214,table3_activation_input,puddle,figures.ipynb:types_and_ids,sez_neurons.pickle,flywire_root_id,flywire-630-2023-03-23,SOURCE_VERIFIED_COMPUTATIONAL,"Computational source mapping only; upstream pickle sha256=2bc5a2a8289924f2de39a8e68bdc07025cb6d6c6c6ddc83a973c0cace7cec2ce. No driver-line, cell-identity, assay-equivalence, or biological-validation claim."
720575940616851030,table3_activation_input,nori;oink,figures.ipynb:types_and_ids,sez_neurons.pickle,flywire_root_id,flywire-630-2023-03-23,SOURCE_VERIFIED_COMPUTATIONAL,"Computational source mapping only; upstream pickle sha256=2bc5a2a8289924f2de39a8e68bdc07025cb6d6c6c6ddc83a973c0cace7cec2ce. No driver-line, cell-identity, assay-equivalence, or biological-validation claim."
720575940616857174,table3_activation_input,TH_VUM,figures.ipynb:types_and_ids,sez_neurons.pickle,flywire_root_id,flywire-630-2023-03-23,SOURCE_VERIFIED_COMPUTATIONAL,"Computational source mapping only; upstream pickle sha256=2bc5a2a8289924f2de39a8e68bdc07025cb6d6c6c6ddc83a973c0cace7cec2ce. No driver-line, cell-identity, assay-equivalence, or biological-validation claim."
720575940616921629,table3_activation_input,mute,figures.ipynb:types_and_ids,sez_neurons.pickle,flywire_root_id,flywire-630-2023-03-23,SOURCE_VERIFIED_COMPUTATIONAL,"Computational source mapping only; upstream pickle sha256=2bc5a2a8289924f2de39a8e68bdc07025cb6d6c6c6ddc83a973c0cace7cec2ce. No driver-line, cell-identity, assay-equivalence, or biological-validation claim."
720575940617303857,table3_activation_input,diatom,figures.ipynb:types_and_ids,sez_neurons.pickle,flywire_root_id,flywire-630-2023-03-23,SOURCE_VERIFIED_COMPUTATIONAL,"Computational source mapping only; upstream pickle sha256=2bc5a2a8289924f2de39a8e68bdc07025cb6d6c6c6ddc83a973c0cace7cec2ce. No driver-line, cell-identity, assay-equivalence, or biological-validation claim."
720575940617437697,table3_activation_input,mandala,figures.ipynb:types_and_ids,sez_neurons.pickle,flywire_root_id,flywire-630-2023-03-23,SOURCE_VERIFIED_COMPUTATIONAL,"Computational source mapping only; upstream pickle sha256=2bc5a2a8289924f2de39a8e68bdc07025cb6d6c6c6ddc83a973c0cace7cec2ce. No driver-line, cell-identity, assay-equivalence, or biological-validation claim."
720575940617497437,table3_activation_input,planter,figures.ipynb:types_and_ids,sez_neurons.pickle,flywire_root_id,flywire-630-2023-03-23,SOURCE_VERIFIED_COMPUTATIONAL,"Computational source mapping only; upstream pickle sha256=2bc5a2a8289924f2de39a8e68bdc07025cb6d6c6c6ddc83a973c0cace7cec2ce. No driver-line, cell-identity, assay-equivalence, or biological-validation claim."
720575940617563577,table3_activation_input,landslide,figures.ipynb:types_and_ids,sez_neurons.pickle,flywire_root_id,flywire-630-2023-03-23,SOURCE_VERIFIED_COMPUTATIONAL,"Computational source mapping only; upstream pickle sha256=2bc5a2a8289924f2de39a8e68bdc07025cb6d6c6c6ddc83a973c0cace7cec2ce. No driver-line, cell-identity, assay-equivalence, or biological-validation claim."
720575940617755220,table3_activation_input,tulip,figures.ipynb:types_and_ids,sez_neurons.pickle,flywire_root_id,flywire-630-2023-03-23,SOURCE_VERIFIED_COMPUTATIONAL,"Computational source mapping only; upstream pickle sha256=2bc5a2a8289924f2de39a8e68bdc07025cb6d6c6c6ddc83a973c0cace7cec2ce. No driver-line, cell-identity, assay-equivalence, or biological-validation claim."
720575940617854676,table3_activation_input,peahen,figures.ipynb:types_and_ids,sez_neurons.pickle,flywire_root_id,flywire-630-2023-03-23,SOURCE_VERIFIED_COMPUTATIONAL,"Computational source mapping only; upstream pickle sha256=2bc5a2a8289924f2de39a8e68bdc07025cb6d6c6c6ddc83a973c0cace7cec2ce. No driver-line, cell-identity, assay-equivalence, or biological-validation claim."
720575940618028125,table3_activation_input,buddy,figures.ipynb:types_and_ids,sez_neurons.pickle,flywire_root_id,flywire-630-2023-03-23,SOURCE_VERIFIED_COMPUTATIONAL,"Computational source mapping only; upstream pickle sha256=2bc5a2a8289924f2de39a8e68bdc07025cb6d6c6c6ddc83a973c0cace7cec2ce. No driver-line, cell-identity, assay-equivalence, or biological-validation claim."
720575940618118485,table3_activation_input,peahen,figures.ipynb:types_and_ids,sez_neurons.pickle,flywire_root_id,flywire-630-2023-03-23,SOURCE_VERIFIED_COMPUTATIONAL,"Computational source mapping only; upstream pickle sha256=2bc5a2a8289924f2de39a8e68bdc07025cb6d6c6c6ddc83a973c0cace7cec2ce. No driver-line, cell-identity, assay-equivalence, or biological-validation claim."
720575940618156689,table3_activation_input,coy,figures.ipynb:types_and_ids,sez_neurons.pickle,flywire_root_id,flywire-630-2023-03-23,SOURCE_VERIFIED_COMPUTATIONAL,"Computational source mapping only; upstream pickle sha256=2bc5a2a8289924f2de39a8e68bdc07025cb6d6c6c6ddc83a973c0cace7cec2ce. No driver-line, cell-identity, assay-equivalence, or biological-validation claim."
720575940618165019,table3_activation_input,tinctoria,figures.ipynb:types_and_ids,sez_neurons.pickle,flywire_root_id,flywire-630-2023-03-23,SOURCE_VERIFIED_COMPUTATIONAL,"Computational source mapping only; upstream pickle sha256=2bc5a2a8289924f2de39a8e68bdc07025cb6d6c6c6ddc83a973c0cace7cec2ce. No driver-line, cell-identity, assay-equivalence, or biological-validation claim."
720575940618299216,table3_activation_input,basket,figures.ipynb:types_and_ids,sez_neurons.pickle,flywire_root_id,flywire-630-2023-03-23,SOURCE_VERIFIED_COMPUTATIONAL,"Computational source mapping only; upstream pickle sha256=2bc5a2a8289924f2de39a8e68bdc07025cb6d6c6c6ddc83a973c0cace7cec2ce. No driver-line, cell-identity, assay-equivalence, or biological-validation claim."
720575940618563664,table3_activation_input,peacock,figures.ipynb:types_and_ids,sez_neurons.pickle,flywire_root_id,flywire-630-2023-03-23,SOURCE_VERIFIED_COMPUTATIONAL,"Computational source mapping only; upstream pickle sha256=2bc5a2a8289924f2de39a8e68bdc07025cb6d6c6c6ddc83a973c0cace7cec2ce. No driver-line, cell-identity, assay-equivalence, or biological-validation claim."
720575940618864725,table3_activation_input,Salivary_MN13,figures.ipynb:types_and_ids,sez_neurons.pickle,flywire_root_id,flywire-630-2023-03-23,SOURCE_VERIFIED_COMPUTATIONAL,"Computational source mapping only; upstream pickle sha256=2bc5a2a8289924f2de39a8e68bdc07025cb6d6c6c6ddc83a973c0cace7cec2ce. No driver-line, cell-identity, assay-equivalence, or biological-validation claim."
720575940618926757,table3_activation_input,gallinule,figures.ipynb:types_and_ids,sez_neurons.pickle,flywire_root_id,flywire-630-2023-03-23,SOURCE_VERIFIED_COMPUTATIONAL,"Computational source mapping only; upstream pickle sha256=2bc5a2a8289924f2de39a8e68bdc07025cb6d6c6c6ddc83a973c0cace7cec2ce. No driver-line, cell-identity, assay-equivalence, or biological-validation claim."
720575940619048827,table3_activation_input,tinctoria,figures.ipynb:types_and_ids,sez_neurons.pickle,flywire_root_id,flywire-630-2023-03-23,SOURCE_VERIFIED_COMPUTATIONAL,"Computational source mapping only; upstream pickle sha256=2bc5a2a8289924f2de39a8e68bdc07025cb6d6c6c6ddc83a973c0cace7cec2ce. No driver-line, cell-identity, assay-equivalence, or biological-validation claim."
720575940619196848,table3_activation_input,rocket,figures.ipynb:types_and_ids,sez_neurons.pickle,flywire_root_id,flywire-630-2023-03-23,SOURCE_VERIFIED_COMPUTATIONAL,"Computational source mapping only; upstream pickle sha256=2bc5a2a8289924f2de39a8e68bdc07025cb6d6c6c6ddc83a973c0cace7cec2ce. No driver-line, cell-identity, assay-equivalence, or biological-validation claim."
720575940619409135,table3_activation_input,weaver,figures.ipynb:types_and_ids,sez_neurons.pickle,flywire_root_id,flywire-630-2023-03-23,SOURCE_VERIFIED_COMPUTATIONAL,"Computational source mapping only; upstream pickle sha256=2bc5a2a8289924f2de39a8e68bdc07025cb6d6c6c6ddc83a973c0cace7cec2ce. No driver-line, cell-identity, assay-equivalence, or biological-validation claim."
720575940619453831,table3_activation_input,aster,figures.ipynb:types_and_ids,sez_neurons.pickle,flywire_root_id,flywire-630-2023-03-23,SOURCE_VERIFIED_COMPUTATIONAL,"Computational source mapping only; upstream pickle sha256=2bc5a2a8289924f2de39a8e68bdc07025cb6d6c6c6ddc83a973c0cace7cec2ce. No driver-line, cell-identity, assay-equivalence, or biological-validation claim."
720575940619455879,table3_activation_input,Salivary_MN13,figures.ipynb:types_and_ids,sez_neurons.pickle,flywire_root_id,flywire-630-2023-03-23,SOURCE_VERIFIED_COMPUTATIONAL,"Computational source mapping only; upstream pickle sha256=2bc5a2a8289924f2de39a8e68bdc07025cb6d6c6c6ddc83a973c0cace7cec2ce. No driver-line, cell-identity, assay-equivalence, or biological-validation claim."
720575940619462128,table3_activation_input,rocket,figures.ipynb:types_and_ids,sez_neurons.pickle,flywire_root_id,flywire-630-2023-03-23,SOURCE_VERIFIED_COMPUTATIONAL,"Computational source mapping only; upstream pickle sha256=2bc5a2a8289924f2de39a8e68bdc07025cb6d6c6c6ddc83a973c0cace7cec2ce. No driver-line, cell-identity, assay-equivalence, or biological-validation claim."
720575940619559838,table3_activation_input,brontosaraus,figures.ipynb:types_and_ids,sez_neurons.pickle,flywire_root_id,flywire-630-2023-03-23,SOURCE_VERIFIED_COMPUTATIONAL,"Computational source mapping only; upstream pickle sha256=2bc5a2a8289924f2de39a8e68bdc07025cb6d6c6c6ddc83a973c0cace7cec2ce. No driver-line, cell-identity, assay-equivalence, or biological-validation claim."
720575940619697134,table3_activation_input,diatom,figures.ipynb:types_and_ids,sez_neurons.pickle,flywire_root_id,flywire-630-2023-03-23,SOURCE_VERIFIED_COMPUTATIONAL,"Computational source mapping only; upstream pickle sha256=2bc5a2a8289924f2de39a8e68bdc07025cb6d6c6c6ddc83a973c0cace7cec2ce. No driver-line, cell-identity, assay-equivalence, or biological-validation claim."
720575940619741104,table3_activation_input,haystack,figures.ipynb:types_and_ids,sez_neurons.pickle,flywire_root_id,flywire-630-2023-03-23,SOURCE_VERIFIED_COMPUTATIONAL,"Computational source mapping only; upstream pickle sha256=2bc5a2a8289924f2de39a8e68bdc07025cb6d6c6c6ddc83a973c0cace7cec2ce. No driver-line, cell-identity, assay-equivalence, or biological-validation claim."
720575940619862720,table3_activation_input,rocket,figures.ipynb:types_and_ids,sez_neurons.pickle,flywire_root_id,flywire-630-2023-03-23,SOURCE_VERIFIED_COMPUTATIONAL,"Computational source mapping only; upstream pickle sha256=2bc5a2a8289924f2de39a8e68bdc07025cb6d6c6c6ddc83a973c0cace7cec2ce. No driver-line, cell-identity, assay-equivalence, or biological-validation claim."
720575940619985243,table3_activation_input,peafowl,figures.ipynb:types_and_ids,sez_neurons.pickle,flywire_root_id,flywire-630-2023-03-23,SOURCE_VERIFIED_COMPUTATIONAL,"Computational source mapping only; upstream pickle sha256=2bc5a2a8289924f2de39a8e68bdc07025cb6d6c6c6ddc83a973c0cace7cec2ce. No driver-line, cell-identity, assay-equivalence, or biological-validation claim."
720575940620061793,table3_activation_input,tulip,figures.ipynb:types_and_ids,sez_neurons.pickle,flywire_root_id,flywire-630-2023-03-23,SOURCE_VERIFIED_COMPUTATIONAL,"Computational source mapping only; upstream pickle sha256=2bc5a2a8289924f2de39a8e68bdc07025cb6d6c6c6ddc83a973c0cace7cec2ce. No driver-line, cell-identity, assay-equivalence, or biological-validation claim."
720575940620096171,table3_activation_input,hyacinth,figures.ipynb:types_and_ids,sez_neurons.pickle,flywire_root_id,flywire-630-2023-03-23,SOURCE_VERIFIED_COMPUTATIONAL,"Computational source mapping only; upstream pickle sha256=2bc5a2a8289924f2de39a8e68bdc07025cb6d6c6c6ddc83a973c0cace7cec2ce. No driver-line, cell-identity, assay-equivalence, or biological-validation claim."
720575940620182181,table3_activation_input,shark,figures.ipynb:types_and_ids,sez_neurons.pickle,flywire_root_id,flywire-630-2023-03-23,SOURCE_VERIFIED_COMPUTATIONAL,"Computational source mapping only; upstream pickle sha256=2bc5a2a8289924f2de39a8e68bdc07025cb6d6c6c6ddc83a973c0cace7cec2ce. No driver-line, cell-identity, assay-equivalence, or biological-validation claim."
720575940620183462,table3_activation_input,basket,figures.ipynb:types_and_ids,sez_neurons.pickle,flywire_root_id,flywire-630-2023-03-23,SOURCE_VERIFIED_COMPUTATIONAL,"Computational source mapping only; upstream pickle sha256=2bc5a2a8289924f2de39a8e68bdc07025cb6d6c6c6ddc83a973c0cace7cec2ce. No driver-line, cell-identity, assay-equivalence, or biological-validation claim."
720575940620224532,table3_activation_input,pSG1,figures.ipynb:types_and_ids,sez_neurons.pickle,flywire_root_id,flywire-630-2023-03-23,SOURCE_VERIFIED_COMPUTATIONAL,"Computational source mapping only; upstream pickle sha256=2bc5a2a8289924f2de39a8e68bdc07025cb6d6c6c6ddc83a973c0cace7cec2ce. No driver-line, cell-identity, assay-equivalence, or biological-validation claim."
720575940620262465,table3_activation_input,marge,figures.ipynb:types_and_ids,sez_neurons.pickle,flywire_root_id,flywire-630-2023-03-23,SOURCE_VERIFIED_COMPUTATIONAL,"Computational source mapping only; upstream pickle sha256=2bc5a2a8289924f2de39a8e68bdc07025cb6d6c6c6ddc83a973c0cace7cec2ce. No driver-line, cell-identity, assay-equivalence, or biological-validation claim."
720575940620287623,table3_activation_input,gazebo,figures.ipynb:types_and_ids,sez_neurons.pickle,flywire_root_id,flywire-630-2023-03-23,SOURCE_VERIFIED_COMPUTATIONAL,"Computational source mapping only; upstream pickle sha256=2bc5a2a8289924f2de39a8e68bdc07025cb6d6c6c6ddc83a973c0cace7cec2ce. No driver-line, cell-identity, assay-equivalence, or biological-validation claim."
720575940620306300,table3_activation_input,aDT6,figures.ipynb:types_and_ids,sez_neurons.pickle,flywire_root_id,flywire-630-2023-03-23,SOURCE_VERIFIED_COMPUTATIONAL,"Computational source mapping only; upstream pickle sha256=2bc5a2a8289924f2de39a8e68bdc07025cb6d6c6c6ddc83a973c0cace7cec2ce. No driver-line, cell-identity, assay-equivalence, or biological-validation claim."
720575940620441024,table3_activation_input,tophat,figures.ipynb:types_and_ids,sez_neurons.pickle,flywire_root_id,flywire-630-2023-03-23,SOURCE_VERIFIED_COMPUTATIONAL,"Computational source mapping only; upstream pickle sha256=2bc5a2a8289924f2de39a8e68bdc07025cb6d6c6c6ddc83a973c0cace7cec2ce. No driver-line, cell-identity, assay-equivalence, or biological-validation claim."
720575940620506996,table3_activation_input,doublescoop,figures.ipynb:types_and_ids,sez_neurons.pickle,flywire_root_id,flywire-630-2023-03-23,SOURCE_VERIFIED_COMPUTATIONAL,"Computational source mapping only; upstream pickle sha256=2bc5a2a8289924f2de39a8e68bdc07025cb6d6c6c6ddc83a973c0cace7cec2ce. No driver-line, cell-identity, assay-equivalence, or biological-validation claim."
720575940620527830,table3_activation_input,handle,figures.ipynb:types_and_ids,sez_neurons.pickle,flywire_root_id,flywire-630-2023-03-23,SOURCE_VERIFIED_COMPUTATIONAL,"Computational source mapping only; upstream pickle sha256=2bc5a2a8289924f2de39a8e68bdc07025cb6d6c6c6ddc83a973c0cace7cec2ce. No driver-line, cell-identity, assay-equivalence, or biological-validation claim."
720575940620673985,table3_activation_input,tentacular,figures.ipynb:types_and_ids,sez_neurons.pickle,flywire_root_id,flywire-630-2023-03-23,SOURCE_VERIFIED_COMPUTATIONAL,"Computational source mapping only; upstream pickle sha256=2bc5a2a8289924f2de39a8e68bdc07025cb6d6c6c6ddc83a973c0cace7cec2ce. No driver-line, cell-identity, assay-equivalence, or biological-validation claim."
720575940620714150,table3_activation_input,mothership,figures.ipynb:types_and_ids,sez_neurons.pickle,flywire_root_id,flywire-630-2023-03-23,SOURCE_VERIFIED_COMPUTATIONAL,"Computational source mapping only; upstream pickle sha256=2bc5a2a8289924f2de39a8e68bdc07025cb6d6c6c6ddc83a973c0cace7cec2ce. No driver-line, cell-identity, assay-equivalence, or biological-validation claim."
720575940620798284,table3_activation_input,horseshoe,figures.ipynb:types_and_ids,sez_neurons.pickle,flywire_root_id,flywire-630-2023-03-23,SOURCE_VERIFIED_COMPUTATIONAL,"Computational source mapping only; upstream pickle sha256=2bc5a2a8289924f2de39a8e68bdc07025cb6d6c6c6ddc83a973c0cace7cec2ce. No driver-line, cell-identity, assay-equivalence, or biological-validation claim."
720575940620829878,table3_activation_input,aSG1,figures.ipynb:types_and_ids,sez_neurons.pickle,flywire_root_id,flywire-630-2023-03-23,SOURCE_VERIFIED_COMPUTATIONAL,"Computational source mapping only; upstream pickle sha256=2bc5a2a8289924f2de39a8e68bdc07025cb6d6c6c6ddc83a973c0cace7cec2ce. No driver-line, cell-identity, assay-equivalence, or biological-validation claim."
720575940620874757,table3_activation_input,G2N_1,figures.ipynb:types_and_ids,sez_neurons.pickle,flywire_root_id,flywire-630-2023-03-23,SOURCE_VERIFIED_COMPUTATIONAL,"Computational source mapping only; upstream pickle sha256=2bc5a2a8289924f2de39a8e68bdc07025cb6d6c6c6ddc83a973c0cace7cec2ce. No driver-line, cell-identity, assay-equivalence, or biological-validation claim."
720575940620879476,table3_activation_input,handle,figures.ipynb:types_and_ids,sez_neurons.pickle,flywire_root_id,flywire-630-2023-03-23,SOURCE_VERIFIED_COMPUTATIONAL,"Computational source mapping only; upstream pickle sha256=2bc5a2a8289924f2de39a8e68bdc07025cb6d6c6c6ddc83a973c0cace7cec2ce. No driver-line, cell-identity, assay-equivalence, or biological-validation claim."
720575940620879809,table3_activation_input,aSG7,figures.ipynb:types_and_ids,sez_neurons.pickle,flywire_root_id,flywire-630-2023-03-23,SOURCE_VERIFIED_COMPUTATIONAL,"Computational source mapping only; upstream pickle sha256=2bc5a2a8289924f2de39a8e68bdc07025cb6d6c6c6ddc83a973c0cace7cec2ce. No driver-line, cell-identity, assay-equivalence, or biological-validation claim."
720575940620916360,table3_activation_input,rocket,figures.ipynb:types_and_ids,sez_neurons.pickle,flywire_root_id,flywire-630-2023-03-23,SOURCE_VERIFIED_COMPUTATIONAL,"Computational source mapping only; upstream pickle sha256=2bc5a2a8289924f2de39a8e68bdc07025cb6d6c6c6ddc83a973c0cace7cec2ce. No driver-line, cell-identity, assay-equivalence, or biological-validation claim."
720575940620943365,table3_activation_input,pSG1,figures.ipynb:types_and_ids,sez_neurons.pickle,flywire_root_id,flywire-630-2023-03-23,SOURCE_VERIFIED_COMPUTATIONAL,"Computational source mapping only; upstream pickle sha256=2bc5a2a8289924f2de39a8e68bdc07025cb6d6c6c6ddc83a973c0cace7cec2ce. No driver-line, cell-identity, assay-equivalence, or biological-validation claim."
720575940620950554,table3_activation_input,rocket,figures.ipynb:types_and_ids,sez_neurons.pickle,flywire_root_id,flywire-630-2023-03-23,SOURCE_VERIFIED_COMPUTATIONAL,"Computational source mapping only; upstream pickle sha256=2bc5a2a8289924f2de39a8e68bdc07025cb6d6c6c6ddc83a973c0cace7cec2ce. No driver-line, cell-identity, assay-equivalence, or biological-validation claim."
720575940620979638,table3_activation_input,cradle,figures.ipynb:types_and_ids,sez_neurons.pickle,flywire_root_id,flywire-630-2023-03-23,SOURCE_VERIFIED_COMPUTATIONAL,"Computational source mapping only; upstream pickle sha256=2bc5a2a8289924f2de39a8e68bdc07025cb6d6c6c6ddc83a973c0cace7cec2ce. No driver-line, cell-identity, assay-equivalence, or biological-validation claim."
720575940621089741,table3_activation_input,brontosaraus,figures.ipynb:types_and_ids,sez_neurons.pickle,flywire_root_id,flywire-630-2023-03-23,SOURCE_VERIFIED_COMPUTATIONAL,"Computational source mapping only; upstream pickle sha256=2bc5a2a8289924f2de39a8e68bdc07025cb6d6c6c6ddc83a973c0cace7cec2ce. No driver-line, cell-identity, assay-equivalence, or biological-validation claim."
720575940621149709,table3_activation_input,mime,figures.ipynb:types_and_ids,sez_neurons.pickle,flywire_root_id,flywire-630-2023-03-23,SOURCE_VERIFIED_COMPUTATIONAL,"Computational source mapping only; upstream pickle sha256=2bc5a2a8289924f2de39a8e68bdc07025cb6d6c6c6ddc83a973c0cace7cec2ce. No driver-line, cell-identity, assay-equivalence, or biological-validation claim."
720575940621218694,table3_activation_input,pringle,figures.ipynb:types_and_ids,sez_neurons.pickle,flywire_root_id,flywire-630-2023-03-23,SOURCE_VERIFIED_COMPUTATIONAL,"Computational source mapping only; upstream pickle sha256=2bc5a2a8289924f2de39a8e68bdc07025cb6d6c6c6ddc83a973c0cace7cec2ce. No driver-line, cell-identity, assay-equivalence, or biological-validation claim."
720575940621326324,table3_activation_input,good_dog,figures.ipynb:types_and_ids,sez_neurons.pickle,flywire_root_id,flywire-630-2023-03-23,SOURCE_VERIFIED_COMPUTATIONAL,"Computational source mapping only; upstream pickle sha256=2bc5a2a8289924f2de39a8e68bdc07025cb6d6c6c6ddc83a973c0cace7cec2ce. No driver-line, cell-identity, assay-equivalence, or biological-validation claim."
720575940621333509,table3_activation_input,horn,figures.ipynb:types_and_ids,sez_neurons.pickle,flywire_root_id,flywire-630-2023-03-23,SOURCE_VERIFIED_COMPUTATIONAL,"Computational source mapping only; upstream pickle sha256=2bc5a2a8289924f2de39a8e68bdc07025cb6d6c6c6ddc83a973c0cace7cec2ce. No driver-line, cell-identity, assay-equivalence, or biological-validation claim."
720575940621373278,table3_activation_input,horseshoe,figures.ipynb:types_and_ids,sez_neurons.pickle,flywire_root_id,flywire-630-2023-03-23,SOURCE_VERIFIED_COMPUTATIONAL,"Computational source mapping only; upstream pickle sha256=2bc5a2a8289924f2de39a8e68bdc07025cb6d6c6c6ddc83a973c0cace7cec2ce. No driver-line, cell-identity, assay-equivalence, or biological-validation claim."
720575940621399899,table3_activation_input,tentacular,figures.ipynb:types_and_ids,sez_neurons.pickle,flywire_root_id,flywire-630-2023-03-23,SOURCE_VERIFIED_COMPUTATIONAL,"Computational source mapping only; upstream pickle sha256=2bc5a2a8289924f2de39a8e68bdc07025cb6d6c6c6ddc83a973c0cace7cec2ce. No driver-line, cell-identity, assay-equivalence, or biological-validation claim."
720575940621431884,table3_activation_input,vice,figures.ipynb:types_and_ids,sez_neurons.pickle,flywire_root_id,flywire-630-2023-03-23,SOURCE_VERIFIED_COMPUTATIONAL,"Computational source mapping only; upstream pickle sha256=2bc5a2a8289924f2de39a8e68bdc07025cb6d6c6c6ddc83a973c0cace7cec2ce. No driver-line, cell-identity, assay-equivalence, or biological-validation claim."
720575940621468404,table3_activation_input,spirit,figures.ipynb:types_and_ids,sez_neurons.pickle,flywire_root_id,flywire-630-2023-03-23,SOURCE_VERIFIED_COMPUTATIONAL,"Computational source mapping only; upstream pickle sha256=2bc5a2a8289924f2de39a8e68bdc07025cb6d6c6c6ddc83a973c0cace7cec2ce. No driver-line, cell-identity, assay-equivalence, or biological-validation claim."
720575940621517481,table3_activation_input,pSG1,figures.ipynb:types_and_ids,sez_neurons.pickle,flywire_root_id,flywire-630-2023-03-23,SOURCE_VERIFIED_COMPUTATIONAL,"Computational source mapping only; upstream pickle sha256=2bc5a2a8289924f2de39a8e68bdc07025cb6d6c6c6ddc83a973c0cace7cec2ce. No driver-line, cell-identity, assay-equivalence, or biological-validation claim."
720575940621522352,table3_activation_input,oval,figures.ipynb:types_and_ids,sez_neurons.pickle,flywire_root_id,flywire-630-2023-03-23,SOURCE_VERIFIED_COMPUTATIONAL,"Computational source mapping only; upstream pickle sha256=2bc5a2a8289924f2de39a8e68bdc07025cb6d6c6c6ddc83a973c0cace7cec2ce. No driver-line, cell-identity, assay-equivalence, or biological-validation claim."
720575940621538142,table3_activation_input,tundra,figures.ipynb:types_and_ids,sez_neurons.pickle,flywire_root_id,flywire-630-2023-03-23,SOURCE_VERIFIED_COMPUTATIONAL,"Computational source mapping only; upstream pickle sha256=2bc5a2a8289924f2de39a8e68bdc07025cb6d6c6c6ddc83a973c0cace7cec2ce. No driver-line, cell-identity, assay-equivalence, or biological-validation claim."
720575940621573542,table3_activation_input,tundra,figures.ipynb:types_and_ids,sez_neurons.pickle,flywire_root_id,flywire-630-2023-03-23,SOURCE_VERIFIED_COMPUTATIONAL,"Computational source mapping only; upstream pickle sha256=2bc5a2a8289924f2de39a8e68bdc07025cb6d6c6c6ddc83a973c0cace7cec2ce. No driver-line, cell-identity, assay-equivalence, or biological-validation claim."
720575940621583286,table3_activation_input,damsel,figures.ipynb:types_and_ids,sez_neurons.pickle,flywire_root_id,flywire-630-2023-03-23,SOURCE_VERIFIED_COMPUTATIONAL,"Computational source mapping only; upstream pickle sha256=2bc5a2a8289924f2de39a8e68bdc07025cb6d6c6c6ddc83a973c0cace7cec2ce. No driver-line, cell-identity, assay-equivalence, or biological-validation claim."
720575940621614246,table3_activation_input,basket,figures.ipynb:types_and_ids,sez_neurons.pickle,flywire_root_id,flywire-630-2023-03-23,SOURCE_VERIFIED_COMPUTATIONAL,"Computational source mapping only; upstream pickle sha256=2bc5a2a8289924f2de39a8e68bdc07025cb6d6c6c6ddc83a973c0cace7cec2ce. No driver-line, cell-identity, assay-equivalence, or biological-validation claim."
720575940621628582,table3_activation_input,bobber,figures.ipynb:types_and_ids,sez_neurons.pickle,flywire_root_id,flywire-630-2023-03-23,SOURCE_VERIFIED_COMPUTATIONAL,"Computational source mapping only; upstream pickle sha256=2bc5a2a8289924f2de39a8e68bdc07025cb6d6c6c6ddc83a973c0cace7cec2ce. No driver-line, cell-identity, assay-equivalence, or biological-validation claim."
720575940621717025,table3_activation_input,diatom,figures.ipynb:types_and_ids,sez_neurons.pickle,flywire_root_id,flywire-630-2023-03-23,SOURCE_VERIFIED_COMPUTATIONAL,"Computational source mapping only; upstream pickle sha256=2bc5a2a8289924f2de39a8e68bdc07025cb6d6c6c6ddc83a973c0cace7cec2ce. No driver-line, cell-identity, assay-equivalence, or biological-validation claim."
720575940621900981,table3_activation_input,lion,figures.ipynb:types_and_ids,sez_neurons.pickle,flywire_root_id,flywire-630-2023-03-23,SOURCE_VERIFIED_COMPUTATIONAL,"Computational source mapping only; upstream pickle sha256=2bc5a2a8289924f2de39a8e68bdc07025cb6d6c6c6ddc83a973c0cace7cec2ce. No driver-line, cell-identity, assay-equivalence, or biological-validation claim."
720575940621982413,table3_activation_input,aster,figures.ipynb:types_and_ids,sez_neurons.pickle,flywire_root_id,flywire-630-2023-03-23,SOURCE_VERIFIED_COMPUTATIONAL,"Computational source mapping only; upstream pickle sha256=2bc5a2a8289924f2de39a8e68bdc07025cb6d6c6c6ddc83a973c0cace7cec2ce. No driver-line, cell-identity, assay-equivalence, or biological-validation claim."
720575940622028778,table3_activation_input,horseshoe,figures.ipynb:types_and_ids,sez_neurons.pickle,flywire_root_id,flywire-630-2023-03-23,SOURCE_VERIFIED_COMPUTATIONAL,"Computational source mapping only; upstream pickle sha256=2bc5a2a8289924f2de39a8e68bdc07025cb6d6c6c6ddc83a973c0cace7cec2ce. No driver-line, cell-identity, assay-equivalence, or biological-validation claim."
720575940622168052,table3_activation_input,ruby,figures.ipynb:types_and_ids,sez_neurons.pickle,flywire_root_id,flywire-630-2023-03-23,SOURCE_VERIFIED_COMPUTATIONAL,"Computational source mapping only; upstream pickle sha256=2bc5a2a8289924f2de39a8e68bdc07025cb6d6c6c6ddc83a973c0cace7cec2ce. No driver-line, cell-identity, assay-equivalence, or biological-validation claim."
720575940622198230,table3_activation_input,diatom,figures.ipynb:types_and_ids,sez_neurons.pickle,flywire_root_id,flywire-630-2023-03-23,SOURCE_VERIFIED_COMPUTATIONAL,"Computational source mapping only; upstream pickle sha256=2bc5a2a8289924f2de39a8e68bdc07025cb6d6c6c6ddc83a973c0cace7cec2ce. No driver-line, cell-identity, assay-equivalence, or biological-validation claim."
720575940622273868,table3_activation_input,aSG7,figures.ipynb:types_and_ids,sez_neurons.pickle,flywire_root_id,flywire-630-2023-03-23,SOURCE_VERIFIED_COMPUTATIONAL,"Computational source mapping only; upstream pickle sha256=2bc5a2a8289924f2de39a8e68bdc07025cb6d6c6c6ddc83a973c0cace7cec2ce. No driver-line, cell-identity, assay-equivalence, or biological-validation claim."
720575940622284947,table3_activation_input,peafowl,figures.ipynb:types_and_ids,sez_neurons.pickle,flywire_root_id,flywire-630-2023-03-23,SOURCE_VERIFIED_COMPUTATIONAL,"Computational source mapping only; upstream pickle sha256=2bc5a2a8289924f2de39a8e68bdc07025cb6d6c6c6ddc83a973c0cace7cec2ce. No driver-line, cell-identity, assay-equivalence, or biological-validation claim."
720575940622392260,table3_activation_input,vice,figures.ipynb:types_and_ids,sez_neurons.pickle,flywire_root_id,flywire-630-2023-03-23,SOURCE_VERIFIED_COMPUTATIONAL,"Computational source mapping only; upstream pickle sha256=2bc5a2a8289924f2de39a8e68bdc07025cb6d6c6c6ddc83a973c0cace7cec2ce. No driver-line, cell-identity, assay-equivalence, or biological-validation claim."
720575940622474899,table3_activation_input,kelp,figures.ipynb:types_and_ids,sez_neurons.pickle,flywire_root_id,flywire-630-2023-03-23,SOURCE_VERIFIED_COMPUTATIONAL,"Computational source mapping only; upstream pickle sha256=2bc5a2a8289924f2de39a8e68bdc07025cb6d6c6c6ddc83a973c0cace7cec2ce. No driver-line, cell-identity, assay-equivalence, or biological-validation claim."
720575940622500172,table3_activation_input,web,figures.ipynb:types_and_ids,sez_neurons.pickle,flywire_root_id,flywire-630-2023-03-23,SOURCE_VERIFIED_COMPUTATIONAL,"Computational source mapping only; upstream pickle sha256=2bc5a2a8289924f2de39a8e68bdc07025cb6d6c6c6ddc83a973c0cace7cec2ce. No driver-line, cell-identity, assay-equivalence, or biological-validation claim."
720575940622541005,table3_activation_input,tophat,figures.ipynb:types_and_ids,sez_neurons.pickle,flywire_root_id,flywire-630-2023-03-23,SOURCE_VERIFIED_COMPUTATIONAL,"Computational source mapping only; upstream pickle sha256=2bc5a2a8289924f2de39a8e68bdc07025cb6d6c6c6ddc83a973c0cace7cec2ce. No driver-line, cell-identity, assay-equivalence, or biological-validation claim."
720575940622624214,table3_activation_input,sink_sync,figures.ipynb:types_and_ids,sez_neurons.pickle,flywire_root_id,flywire-630-2023-03-23,SOURCE_VERIFIED_COMPUTATIONAL,"Computational source mapping only; upstream pickle sha256=2bc5a2a8289924f2de39a8e68bdc07025cb6d6c6c6ddc83a973c0cace7cec2ce. No driver-line, cell-identity, assay-equivalence, or biological-validation claim."
720575940622688765,table3_activation_input,mime,figures.ipynb:types_and_ids,sez_neurons.pickle,flywire_root_id,flywire-630-2023-03-23,SOURCE_VERIFIED_COMPUTATIONAL,"Computational source mapping only; upstream pickle sha256=2bc5a2a8289924f2de39a8e68bdc07025cb6d6c6c6ddc83a973c0cace7cec2ce. No driver-line, cell-identity, assay-equivalence, or biological-validation claim."
720575940622853258,table3_activation_input,OinkT,figures.ipynb:types_and_ids,sez_neurons.pickle,flywire_root_id,flywire-630-2023-03-23,SOURCE_VERIFIED_COMPUTATIONAL,"Computational source mapping only; upstream pickle sha256=2bc5a2a8289924f2de39a8e68bdc07025cb6d6c6c6ddc83a973c0cace7cec2ce. No driver-line, cell-identity, assay-equivalence, or biological-validation claim."
720575940623044103,table3_activation_input,hyacinth,figures.ipynb:types_and_ids,sez_neurons.pickle,flywire_root_id,flywire-630-2023-03-23,SOURCE_VERIFIED_COMPUTATIONAL,"Computational source mapping only; upstream pickle sha256=2bc5a2a8289924f2de39a8e68bdc07025cb6d6c6c6ddc83a973c0cace7cec2ce. No driver-line, cell-identity, assay-equivalence, or biological-validation claim."
720575940623211725,table3_activation_input,roundup,figures.ipynb:types_and_ids,sez_neurons.pickle,flywire_root_id,flywire-630-2023-03-23,SOURCE_VERIFIED_COMPUTATIONAL,"Computational source mapping only; upstream pickle sha256=2bc5a2a8289924f2de39a8e68bdc07025cb6d6c6c6ddc83a973c0cace7cec2ce. No driver-line, cell-identity, assay-equivalence, or biological-validation claim."
720575940623252407,table3_activation_input,vice,figures.ipynb:types_and_ids,sez_neurons.pickle,flywire_root_id,flywire-630-2023-03-23,SOURCE_VERIFIED_COMPUTATIONAL,"Computational source mapping only; upstream pickle sha256=2bc5a2a8289924f2de39a8e68bdc07025cb6d6c6c6ddc83a973c0cace7cec2ce. No driver-line, cell-identity, assay-equivalence, or biological-validation claim."
720575940623301256,table3_activation_input,gallinule,figures.ipynb:types_and_ids,sez_neurons.pickle,flywire_root_id,flywire-630-2023-03-23,SOURCE_VERIFIED_COMPUTATIONAL,"Computational source mapping only; upstream pickle sha256=2bc5a2a8289924f2de39a8e68bdc07025cb6d6c6c6ddc83a973c0cace7cec2ce. No driver-line, cell-identity, assay-equivalence, or biological-validation claim."
720575940623366538,table3_activation_input,doublescoop,figures.ipynb:types_and_ids,sez_neurons.pickle,flywire_root_id,flywire-630-2023-03-23,SOURCE_VERIFIED_COMPUTATIONAL,"Computational source mapping only; upstream pickle sha256=2bc5a2a8289924f2de39a8e68bdc07025cb6d6c6c6ddc83a973c0cace7cec2ce. No driver-line, cell-identity, assay-equivalence, or biological-validation claim."
720575940623457535,table3_activation_input,damsel,figures.ipynb:types_and_ids,sez_neurons.pickle,flywire_root_id,flywire-630-2023-03-23,SOURCE_VERIFIED_COMPUTATIONAL,"Computational source mapping only; upstream pickle sha256=2bc5a2a8289924f2de39a8e68bdc07025cb6d6c6c6ddc83a973c0cace7cec2ce. No driver-line, cell-identity, assay-equivalence, or biological-validation claim."
720575940623600619,table3_activation_input,horseshoe,figures.ipynb:types_and_ids,sez_neurons.pickle,flywire_root_id,flywire-630-2023-03-23,SOURCE_VERIFIED_COMPUTATIONAL,"Computational source mapping only; upstream pickle sha256=2bc5a2a8289924f2de39a8e68bdc07025cb6d6c6c6ddc83a973c0cace7cec2ce. No driver-line, cell-identity, assay-equivalence, or biological-validation claim."
720575940623687757,table3_activation_input,peacock,figures.ipynb:types_and_ids,sez_neurons.pickle,flywire_root_id,flywire-630-2023-03-23,SOURCE_VERIFIED_COMPUTATIONAL,"Computational source mapping only; upstream pickle sha256=2bc5a2a8289924f2de39a8e68bdc07025cb6d6c6c6ddc83a973c0cace7cec2ce. No driver-line, cell-identity, assay-equivalence, or biological-validation claim."
720575940623697898,table3_activation_input,Asteroid,figures.ipynb:types_and_ids,sez_neurons.pickle,flywire_root_id,flywire-630-2023-03-23,SOURCE_VERIFIED_COMPUTATIONAL,"Computational source mapping only; upstream pickle sha256=2bc5a2a8289924f2de39a8e68bdc07025cb6d6c6c6ddc83a973c0cace7cec2ce. No driver-line, cell-identity, assay-equivalence, or biological-validation claim."
720575940623718380,table3_activation_input,G2N_1,figures.ipynb:types_and_ids,sez_neurons.pickle,flywire_root_id,flywire-630-2023-03-23,SOURCE_VERIFIED_COMPUTATIONAL,"Computational source mapping only; upstream pickle sha256=2bc5a2a8289924f2de39a8e68bdc07025cb6d6c6c6ddc83a973c0cace7cec2ce. No driver-line, cell-identity, assay-equivalence, or biological-validation claim."
720575940623988733,table3_activation_input,aster,figures.ipynb:types_and_ids,sez_neurons.pickle,flywire_root_id,flywire-630-2023-03-23,SOURCE_VERIFIED_COMPUTATIONAL,"Computational source mapping only; upstream pickle sha256=2bc5a2a8289924f2de39a8e68bdc07025cb6d6c6c6ddc83a973c0cace7cec2ce. No driver-line, cell-identity, assay-equivalence, or biological-validation claim."
720575940624005868,table3_activation_input,basket,figures.ipynb:types_and_ids,sez_neurons.pickle,flywire_root_id,flywire-630-2023-03-23,SOURCE_VERIFIED_COMPUTATIONAL,"Computational source mapping only; upstream pickle sha256=2bc5a2a8289924f2de39a8e68bdc07025cb6d6c6c6ddc83a973c0cace7cec2ce. No driver-line, cell-identity, assay-equivalence, or biological-validation claim."
720575940624038663,table3_activation_input,web,figures.ipynb:types_and_ids,sez_neurons.pickle,flywire_root_id,flywire-630-2023-03-23,SOURCE_VERIFIED_COMPUTATIONAL,"Computational source mapping only; upstream pickle sha256=2bc5a2a8289924f2de39a8e68bdc07025cb6d6c6c6ddc83a973c0cace7cec2ce. No driver-line, cell-identity, assay-equivalence, or biological-validation claim."
720575940624101524,table3_activation_input,rose,figures.ipynb:types_and_ids,sez_neurons.pickle,flywire_root_id,flywire-630-2023-03-23,SOURCE_VERIFIED_COMPUTATIONAL,"Computational source mapping only; upstream pickle sha256=2bc5a2a8289924f2de39a8e68bdc07025cb6d6c6c6ddc83a973c0cace7cec2ce. No driver-line, cell-identity, assay-equivalence, or biological-validation claim."
720575940624163303,table3_activation_input,trident,figures.ipynb:types_and_ids,sez_neurons.pickle,flywire_root_id,flywire-630-2023-03-23,SOURCE_VERIFIED_COMPUTATIONAL,"Computational source mapping only; upstream pickle sha256=2bc5a2a8289924f2de39a8e68bdc07025cb6d6c6c6ddc83a973c0cace7cec2ce. No driver-line, cell-identity, assay-equivalence, or biological-validation claim."
720575940624253991,table3_activation_input,mime,figures.ipynb:types_and_ids,sez_neurons.pickle,flywire_root_id,flywire-630-2023-03-23,SOURCE_VERIFIED_COMPUTATIONAL,"Computational source mapping only; upstream pickle sha256=2bc5a2a8289924f2de39a8e68bdc07025cb6d6c6c6ddc83a973c0cace7cec2ce. No driver-line, cell-identity, assay-equivalence, or biological-validation claim."
720575940624273149,table3_activation_input,mime,figures.ipynb:types_and_ids,sez_neurons.pickle,flywire_root_id,flywire-630-2023-03-23,SOURCE_VERIFIED_COMPUTATIONAL,"Computational source mapping only; upstream pickle sha256=2bc5a2a8289924f2de39a8e68bdc07025cb6d6c6c6ddc83a973c0cace7cec2ce. No driver-line, cell-identity, assay-equivalence, or biological-validation claim."
720575940624532408,table3_activation_input,hyacinth,figures.ipynb:types_and_ids,sez_neurons.pickle,flywire_root_id,flywire-630-2023-03-23,SOURCE_VERIFIED_COMPUTATIONAL,"Computational source mapping only; upstream pickle sha256=2bc5a2a8289924f2de39a8e68bdc07025cb6d6c6c6ddc83a973c0cace7cec2ce. No driver-line, cell-identity, assay-equivalence, or biological-validation claim."
720575940624710653,table3_activation_input,broom,figures.ipynb:types_and_ids,sez_neurons.pickle,flywire_root_id,flywire-630-2023-03-23,SOURCE_VERIFIED_COMPUTATIONAL,"Computational source mapping only; upstream pickle sha256=2bc5a2a8289924f2de39a8e68bdc07025cb6d6c6c6ddc83a973c0cace7cec2ce. No driver-line, cell-identity, assay-equivalence, or biological-validation claim."
720575940624897516,table3_activation_input,web,figures.ipynb:types_and_ids,sez_neurons.pickle,flywire_root_id,flywire-630-2023-03-23,SOURCE_VERIFIED_COMPUTATIONAL,"Computational source mapping only; upstream pickle sha256=2bc5a2a8289924f2de39a8e68bdc07025cb6d6c6c6ddc83a973c0cace7cec2ce. No driver-line, cell-identity, assay-equivalence, or biological-validation claim."
720575940624913959,table3_activation_input,wafflecone,figures.ipynb:types_and_ids,sez_neurons.pickle,flywire_root_id,flywire-630-2023-03-23,SOURCE_VERIFIED_COMPUTATIONAL,"Computational source mapping only; upstream pickle sha256=2bc5a2a8289924f2de39a8e68bdc07025cb6d6c6c6ddc83a973c0cace7cec2ce. No driver-line, cell-identity, assay-equivalence, or biological-validation claim."
720575940624987175,table3_activation_input,kitty,figures.ipynb:types_and_ids,sez_neurons.pickle,flywire_root_id,flywire-630-2023-03-23,SOURCE_VERIFIED_COMPUTATIONAL,"Computational source mapping only; upstream pickle sha256=2bc5a2a8289924f2de39a8e68bdc07025cb6d6c6c6ddc83a973c0cace7cec2ce. No driver-line, cell-identity, assay-equivalence, or biological-validation claim."
720575940625082298,table3_activation_input,aSG7,figures.ipynb:types_and_ids,sez_neurons.pickle,flywire_root_id,flywire-630-2023-03-23,SOURCE_VERIFIED_COMPUTATIONAL,"Computational source mapping only; upstream pickle sha256=2bc5a2a8289924f2de39a8e68bdc07025cb6d6c6c6ddc83a973c0cace7cec2ce. No driver-line, cell-identity, assay-equivalence, or biological-validation claim."
720575940625384323,table3_activation_input,weaver,figures.ipynb:types_and_ids,sez_neurons.pickle,flywire_root_id,flywire-630-2023-03-23,SOURCE_VERIFIED_COMPUTATIONAL,"Computational source mapping only; upstream pickle sha256=2bc5a2a8289924f2de39a8e68bdc07025cb6d6c6c6ddc83a973c0cace7cec2ce. No driver-line, cell-identity, assay-equivalence, or biological-validation claim."
720575940625716357,table3_activation_input,cradle,figures.ipynb:types_and_ids,sez_neurons.pickle,flywire_root_id,flywire-630-2023-03-23,SOURCE_VERIFIED_COMPUTATIONAL,"Computational source mapping only; upstream pickle sha256=2bc5a2a8289924f2de39a8e68bdc07025cb6d6c6c6ddc83a973c0cace7cec2ce. No driver-line, cell-identity, assay-equivalence, or biological-validation claim."
720575940625815562,table3_activation_input,snake,figures.ipynb:types_and_ids,sez_neurons.pickle,flywire_root_id,flywire-630-2023-03-23,SOURCE_VERIFIED_COMPUTATIONAL,"Computational source mapping only; upstream pickle sha256=2bc5a2a8289924f2de39a8e68bdc07025cb6d6c6c6ddc83a973c0cace7cec2ce. No driver-line, cell-identity, assay-equivalence, or biological-validation claim."
720575940625870640,table3_activation_input,nagini,figures.ipynb:types_and_ids,sez_neurons.pickle,flywire_root_id,flywire-630-2023-03-23,SOURCE_VERIFIED_COMPUTATIONAL,"Computational source mapping only; upstream pickle sha256=2bc5a2a8289924f2de39a8e68bdc07025cb6d6c6c6ddc83a973c0cace7cec2ce. No driver-line, cell-identity, assay-equivalence, or biological-validation claim."
720575940625875504,table3_activation_input,tinctoria,figures.ipynb:types_and_ids,sez_neurons.pickle,flywire_root_id,flywire-630-2023-03-23,SOURCE_VERIFIED_COMPUTATIONAL,"Computational source mapping only; upstream pickle sha256=2bc5a2a8289924f2de39a8e68bdc07025cb6d6c6c6ddc83a973c0cace7cec2ce. No driver-line, cell-identity, assay-equivalence, or biological-validation claim."
720575940625979650,table3_activation_input,mandala,figures.ipynb:types_and_ids,sez_neurons.pickle,flywire_root_id,flywire-630-2023-03-23,SOURCE_VERIFIED_COMPUTATIONAL,"Computational source mapping only; upstream pickle sha256=2bc5a2a8289924f2de39a8e68bdc07025cb6d6c6c6ddc83a973c0cace7cec2ce. No driver-line, cell-identity, assay-equivalence, or biological-validation claim."
720575940626015640,table3_activation_input,hyacinth,figures.ipynb:types_and_ids,sez_neurons.pickle,flywire_root_id,flywire-630-2023-03-23,SOURCE_VERIFIED_COMPUTATIONAL,"Computational source mapping only; upstream pickle sha256=2bc5a2a8289924f2de39a8e68bdc07025cb6d6c6c6ddc83a973c0cace7cec2ce. No driver-line, cell-identity, assay-equivalence, or biological-validation claim."
720575940626075517,table3_activation_input,wafflecone,figures.ipynb:types_and_ids,sez_neurons.pickle,flywire_root_id,flywire-630-2023-03-23,SOURCE_VERIFIED_COMPUTATIONAL,"Computational source mapping only; upstream pickle sha256=2bc5a2a8289924f2de39a8e68bdc07025cb6d6c6c6ddc83a973c0cace7cec2ce. No driver-line, cell-identity, assay-equivalence, or biological-validation claim."
720575940626085562,table3_activation_input,oval,figures.ipynb:types_and_ids,sez_neurons.pickle,flywire_root_id,flywire-630-2023-03-23,SOURCE_VERIFIED_COMPUTATIONAL,"Computational source mapping only; upstream pickle sha256=2bc5a2a8289924f2de39a8e68bdc07025cb6d6c6c6ddc83a973c0cace7cec2ce. No driver-line, cell-identity, assay-equivalence, or biological-validation claim."
720575940626086842,table3_activation_input,sundrop,figures.ipynb:types_and_ids,sez_neurons.pickle,flywire_root_id,flywire-630-2023-03-23,SOURCE_VERIFIED_COMPUTATIONAL,"Computational source mapping only; upstream pickle sha256=2bc5a2a8289924f2de39a8e68bdc07025cb6d6c6c6ddc83a973c0cace7cec2ce. No driver-line, cell-identity, assay-equivalence, or biological-validation claim."
720575940626140164,table3_activation_input,crab,figures.ipynb:types_and_ids,sez_neurons.pickle,flywire_root_id,flywire-630-2023-03-23,SOURCE_VERIFIED_COMPUTATIONAL,"Computational source mapping only; upstream pickle sha256=2bc5a2a8289924f2de39a8e68bdc07025cb6d6c6c6ddc83a973c0cace7cec2ce. No driver-line, cell-identity, assay-equivalence, or biological-validation claim."
720575940626179614,table3_activation_input,genie,figures.ipynb:types_and_ids,sez_neurons.pickle,flywire_root_id,flywire-630-2023-03-23,SOURCE_VERIFIED_COMPUTATIONAL,"Computational source mapping only; upstream pickle sha256=2bc5a2a8289924f2de39a8e68bdc07025cb6d6c6c6ddc83a973c0cace7cec2ce. No driver-line, cell-identity, assay-equivalence, or biological-validation claim."
720575940626278974,table3_activation_input,seagull,figures.ipynb:types_and_ids,sez_neurons.pickle,flywire_root_id,flywire-630-2023-03-23,SOURCE_VERIFIED_COMPUTATIONAL,"Computational source mapping only; upstream pickle sha256=2bc5a2a8289924f2de39a8e68bdc07025cb6d6c6c6ddc83a973c0cace7cec2ce. No driver-line, cell-identity, assay-equivalence, or biological-validation claim."
720575940626348106,table3_activation_input,oink,figures.ipynb:types_and_ids,sez_neurons.pickle,flywire_root_id,flywire-630-2023-03-23,SOURCE_VERIFIED_COMPUTATIONAL,"Computational source mapping only; upstream pickle sha256=2bc5a2a8289924f2de39a8e68bdc07025cb6d6c6c6ddc83a973c0cace7cec2ce. No driver-line, cell-identity, assay-equivalence, or biological-validation claim."
720575940626376600,table3_activation_input,oink,figures.ipynb:types_and_ids,sez_neurons.pickle,flywire_root_id,flywire-630-2023-03-23,SOURCE_VERIFIED_COMPUTATIONAL,"Computational source mapping only; upstream pickle sha256=2bc5a2a8289924f2de39a8e68bdc07025cb6d6c6c6ddc83a973c0cace7cec2ce. No driver-line, cell-identity, assay-equivalence, or biological-validation claim."
720575940626390018,table3_activation_input,brontosaraus,figures.ipynb:types_and_ids,sez_neurons.pickle,flywire_root_id,flywire-630-2023-03-23,SOURCE_VERIFIED_COMPUTATIONAL,"Computational source mapping only; upstream pickle sha256=2bc5a2a8289924f2de39a8e68bdc07025cb6d6c6c6ddc83a973c0cace7cec2ce. No driver-line, cell-identity, assay-equivalence, or biological-validation claim."
720575940626412298,table3_activation_input,basket,figures.ipynb:types_and_ids,sez_neurons.pickle,flywire_root_id,flywire-630-2023-03-23,SOURCE_VERIFIED_COMPUTATIONAL,"Computational source mapping only; upstream pickle sha256=2bc5a2a8289924f2de39a8e68bdc07025cb6d6c6c6ddc83a973c0cace7cec2ce. No driver-line, cell-identity, assay-equivalence, or biological-validation claim."
720575940626512881,table3_activation_input,aDT6,figures.ipynb:types_and_ids,sez_neurons.pickle,flywire_root_id,flywire-630-2023-03-23,SOURCE_VERIFIED_COMPUTATIONAL,"Computational source mapping only; upstream pickle sha256=2bc5a2a8289924f2de39a8e68bdc07025cb6d6c6c6ddc83a973c0cace7cec2ce. No driver-line, cell-identity, assay-equivalence, or biological-validation claim."
720575940626519704,table3_activation_input,gallinule,figures.ipynb:types_and_ids,sez_neurons.pickle,flywire_root_id,flywire-630-2023-03-23,SOURCE_VERIFIED_COMPUTATIONAL,"Computational source mapping only; upstream pickle sha256=2bc5a2a8289924f2de39a8e68bdc07025cb6d6c6c6ddc83a973c0cace7cec2ce. No driver-line, cell-identity, assay-equivalence, or biological-validation claim."
720575940626548605,table3_activation_input,mandala,figures.ipynb:types_and_ids,sez_neurons.pickle,flywire_root_id,flywire-630-2023-03-23,SOURCE_VERIFIED_COMPUTATIONAL,"Computational source mapping only; upstream pickle sha256=2bc5a2a8289924f2de39a8e68bdc07025cb6d6c6c6ddc83a973c0cace7cec2ce. No driver-line, cell-identity, assay-equivalence, or biological-validation claim."
720575940626557442,table3_activation_input,bract,figures.ipynb:types_and_ids,sez_neurons.pickle,flywire_root_id,flywire-630-2023-03-23,SOURCE_VERIFIED_COMPUTATIONAL,"Computational source mapping only; upstream pickle sha256=2bc5a2a8289924f2de39a8e68bdc07025cb6d6c6c6ddc83a973c0cace7cec2ce. No driver-line, cell-identity, assay-equivalence, or biological-validation claim."
720575940626679317,table3_activation_input,diatom,figures.ipynb:types_and_ids,sez_neurons.pickle,flywire_root_id,flywire-630-2023-03-23,SOURCE_VERIFIED_COMPUTATIONAL,"Computational source mapping only; upstream pickle sha256=2bc5a2a8289924f2de39a8e68bdc07025cb6d6c6c6ddc83a973c0cace7cec2ce. No driver-line, cell-identity, assay-equivalence, or biological-validation claim."
720575940626770057,table3_activation_input,shark,figures.ipynb:types_and_ids,sez_neurons.pickle,flywire_root_id,flywire-630-2023-03-23,SOURCE_VERIFIED_COMPUTATIONAL,"Computational source mapping only; upstream pickle sha256=2bc5a2a8289924f2de39a8e68bdc07025cb6d6c6c6ddc83a973c0cace7cec2ce. No driver-line, cell-identity, assay-equivalence, or biological-validation claim."
720575940626922810,table3_activation_input,basket,figures.ipynb:types_and_ids,sez_neurons.pickle,flywire_root_id,flywire-630-2023-03-23,SOURCE_VERIFIED_COMPUTATIONAL,"Computational source mapping only; upstream pickle sha256=2bc5a2a8289924f2de39a8e68bdc07025cb6d6c6c6ddc83a973c0cace7cec2ce. No driver-line, cell-identity, assay-equivalence, or biological-validation claim."
720575940626961241,table3_activation_input,buddy,figures.ipynb:types_and_ids,sez_neurons.pickle,flywire_root_id,flywire-630-2023-03-23,SOURCE_VERIFIED_COMPUTATIONAL,"Computational source mapping only; upstream pickle sha256=2bc5a2a8289924f2de39a8e68bdc07025cb6d6c6c6ddc83a973c0cace7cec2ce. No driver-line, cell-identity, assay-equivalence, or biological-validation claim."
720575940626983684,table3_activation_input,peahen,figures.ipynb:types_and_ids,sez_neurons.pickle,flywire_root_id,flywire-630-2023-03-23,SOURCE_VERIFIED_COMPUTATIONAL,"Computational source mapping only; upstream pickle sha256=2bc5a2a8289924f2de39a8e68bdc07025cb6d6c6c6ddc83a973c0cace7cec2ce. No driver-line, cell-identity, assay-equivalence, or biological-validation claim."
720575940627087646,table3_activation_input,web,figures.ipynb:types_and_ids,sez_neurons.pickle,flywire_root_id,flywire-630-2023-03-23,SOURCE_VERIFIED_COMPUTATIONAL,"Computational source mapping only; upstream pickle sha256=2bc5a2a8289924f2de39a8e68bdc07025cb6d6c6c6ddc83a973c0cace7cec2ce. No driver-line, cell-identity, assay-equivalence, or biological-validation claim."
720575940627285267,table3_activation_input,bract,figures.ipynb:types_and_ids,sez_neurons.pickle,flywire_root_id,flywire-630-2023-03-23,SOURCE_VERIFIED_COMPUTATIONAL,"Computational source mapping only; upstream pickle sha256=2bc5a2a8289924f2de39a8e68bdc07025cb6d6c6c6ddc83a973c0cace7cec2ce. No driver-line, cell-identity, assay-equivalence, or biological-validation claim."
720575940627286088,table3_activation_input,web,figures.ipynb:types_and_ids,sez_neurons.pickle,flywire_root_id,flywire-630-2023-03-23,SOURCE_VERIFIED_COMPUTATIONAL,"Computational source mapping only; upstream pickle sha256=2bc5a2a8289924f2de39a8e68bdc07025cb6d6c6c6ddc83a973c0cace7cec2ce. No driver-line, cell-identity, assay-equivalence, or biological-validation claim."
720575940627293201,table3_activation_input,bridle,figures.ipynb:types_and_ids,sez_neurons.pickle,flywire_root_id,flywire-630-2023-03-23,SOURCE_VERIFIED_COMPUTATIONAL,"Computational source mapping only; upstream pickle sha256=2bc5a2a8289924f2de39a8e68bdc07025cb6d6c6c6ddc83a973c0cace7cec2ce. No driver-line, cell-identity, assay-equivalence, or biological-validation claim."
720575940627327238,table3_activation_input,eiffel,figures.ipynb:types_and_ids,sez_neurons.pickle,flywire_root_id,flywire-630-2023-03-23,SOURCE_VERIFIED_COMPUTATIONAL,"Computational source mapping only; upstream pickle sha256=2bc5a2a8289924f2de39a8e68bdc07025cb6d6c6c6ddc83a973c0cace7cec2ce. No driver-line, cell-identity, assay-equivalence, or biological-validation claim."
720575940627366675,table3_activation_input,genie,figures.ipynb:types_and_ids,sez_neurons.pickle,flywire_root_id,flywire-630-2023-03-23,SOURCE_VERIFIED_COMPUTATIONAL,"Computational source mapping only; upstream pickle sha256=2bc5a2a8289924f2de39a8e68bdc07025cb6d6c6c6ddc83a973c0cace7cec2ce. No driver-line, cell-identity, assay-equivalence, or biological-validation claim."
720575940627418387,table3_activation_input,whisker,figures.ipynb:types_and_ids,sez_neurons.pickle,flywire_root_id,flywire-630-2023-03-23,SOURCE_VERIFIED_COMPUTATIONAL,"Computational source mapping only; upstream pickle sha256=2bc5a2a8289924f2de39a8e68bdc07025cb6d6c6c6ddc83a973c0cace7cec2ce. No driver-line, cell-identity, assay-equivalence, or biological-validation claim."
720575940627429907,table3_activation_input,whisker,figures.ipynb:types_and_ids,sez_neurons.pickle,flywire_root_id,flywire-630-2023-03-23,SOURCE_VERIFIED_COMPUTATIONAL,"Computational source mapping only; upstream pickle sha256=2bc5a2a8289924f2de39a8e68bdc07025cb6d6c6c6ddc83a973c0cace7cec2ce. No driver-line, cell-identity, assay-equivalence, or biological-validation claim."
720575940627498499,table3_activation_input,horseshoe,figures.ipynb:types_and_ids,sez_neurons.pickle,flywire_root_id,flywire-630-2023-03-23,SOURCE_VERIFIED_COMPUTATIONAL,"Computational source mapping only; upstream pickle sha256=2bc5a2a8289924f2de39a8e68bdc07025cb6d6c6c6ddc83a973c0cace7cec2ce. No driver-line, cell-identity, assay-equivalence, or biological-validation claim."
720575940627514627,table3_activation_input,brontosaraus,figures.ipynb:types_and_ids,sez_neurons.pickle,flywire_root_id,flywire-630-2023-03-23,SOURCE_VERIFIED_COMPUTATIONAL,"Computational source mapping only; upstream pickle sha256=2bc5a2a8289924f2de39a8e68bdc07025cb6d6c6c6ddc83a973c0cace7cec2ce. No driver-line, cell-identity, assay-equivalence, or biological-validation claim."
720575940627565059,table3_activation_input,basket,figures.ipynb:types_and_ids,sez_neurons.pickle,flywire_root_id,flywire-630-2023-03-23,SOURCE_VERIFIED_COMPUTATIONAL,"Computational source mapping only; upstream pickle sha256=2bc5a2a8289924f2de39a8e68bdc07025cb6d6c6c6ddc83a973c0cace7cec2ce. No driver-line, cell-identity, assay-equivalence, or biological-validation claim."
720575940627704392,table3_activation_input,kitty,figures.ipynb:types_and_ids,sez_neurons.pickle,flywire_root_id,flywire-630-2023-03-23,SOURCE_VERIFIED_COMPUTATIONAL,"Computational source mapping only; upstream pickle sha256=2bc5a2a8289924f2de39a8e68bdc07025cb6d6c6c6ddc83a973c0cace7cec2ce. No driver-line, cell-identity, assay-equivalence, or biological-validation claim."
720575940627731176,table3_activation_input,knees,figures.ipynb:types_and_ids,sez_neurons.pickle,flywire_root_id,flywire-630-2023-03-23,SOURCE_VERIFIED_COMPUTATIONAL,"Computational source mapping only; upstream pickle sha256=2bc5a2a8289924f2de39a8e68bdc07025cb6d6c6c6ddc83a973c0cace7cec2ce. No driver-line, cell-identity, assay-equivalence, or biological-validation claim."
720575940627739023,table3_activation_input,puddle,figures.ipynb:types_and_ids,sez_neurons.pickle,flywire_root_id,flywire-630-2023-03-23,SOURCE_VERIFIED_COMPUTATIONAL,"Computational source mapping only; upstream pickle sha256=2bc5a2a8289924f2de39a8e68bdc07025cb6d6c6c6ddc83a973c0cace7cec2ce. No driver-line, cell-identity, assay-equivalence, or biological-validation claim."
720575940627825923,table3_activation_input,nagini,figures.ipynb:types_and_ids,sez_neurons.pickle,flywire_root_id,flywire-630-2023-03-23,SOURCE_VERIFIED_COMPUTATIONAL,"Computational source mapping only; upstream pickle sha256=2bc5a2a8289924f2de39a8e68bdc07025cb6d6c6c6ddc83a973c0cace7cec2ce. No driver-line, cell-identity, assay-equivalence, or biological-validation claim."
720575940627854595,table3_activation_input,diatom,figures.ipynb:types_and_ids,sez_neurons.pickle,flywire_root_id,flywire-630-2023-03-23,SOURCE_VERIFIED_COMPUTATIONAL,"Computational source mapping only; upstream pickle sha256=2bc5a2a8289924f2de39a8e68bdc07025cb6d6c6c6ddc83a973c0cace7cec2ce. No driver-line, cell-identity, assay-equivalence, or biological-validation claim."
720575940627936515,table3_activation_input,mime,figures.ipynb:types_and_ids,sez_neurons.pickle,flywire_root_id,flywire-630-2023-03-23,SOURCE_VERIFIED_COMPUTATIONAL,"Computational source mapping only; upstream pickle sha256=2bc5a2a8289924f2de39a8e68bdc07025cb6d6c6c6ddc83a973c0cace7cec2ce. No driver-line, cell-identity, assay-equivalence, or biological-validation claim."
720575940627947772,table3_activation_input,brontosaraus,figures.ipynb:types_and_ids,sez_neurons.pickle,flywire_root_id,flywire-630-2023-03-23,SOURCE_VERIFIED_COMPUTATIONAL,"Computational source mapping only; upstream pickle sha256=2bc5a2a8289924f2de39a8e68bdc07025cb6d6c6c6ddc83a973c0cace7cec2ce. No driver-line, cell-identity, assay-equivalence, or biological-validation claim."
720575940627979782,table3_activation_input,diatom,figures.ipynb:types_and_ids,sez_neurons.pickle,flywire_root_id,flywire-630-2023-03-23,SOURCE_VERIFIED_COMPUTATIONAL,"Computational source mapping only; upstream pickle sha256=2bc5a2a8289924f2de39a8e68bdc07025cb6d6c6c6ddc83a973c0cace7cec2ce. No driver-line, cell-identity, assay-equivalence, or biological-validation claim."
720575940628029180,table3_activation_input,sink_sync,figures.ipynb:types_and_ids,sez_neurons.pickle,flywire_root_id,flywire-630-2023-03-23,SOURCE_VERIFIED_COMPUTATIONAL,"Computational source mapping only; upstream pickle sha256=2bc5a2a8289924f2de39a8e68bdc07025cb6d6c6c6ddc83a973c0cace7cec2ce. No driver-line, cell-identity, assay-equivalence, or biological-validation claim."
720575940628046635,table3_activation_input,gallinule,figures.ipynb:types_and_ids,sez_neurons.pickle,flywire_root_id,flywire-630-2023-03-23,SOURCE_VERIFIED_COMPUTATIONAL,"Computational source mapping only; upstream pickle sha256=2bc5a2a8289924f2de39a8e68bdc07025cb6d6c6c6ddc83a973c0cace7cec2ce. No driver-line, cell-identity, assay-equivalence, or biological-validation claim."
720575940628069904,table3_activation_input,basket,figures.ipynb:types_and_ids,sez_neurons.pickle,flywire_root_id,flywire-630-2023-03-23,SOURCE_VERIFIED_COMPUTATIONAL,"Computational source mapping only; upstream pickle sha256=2bc5a2a8289924f2de39a8e68bdc07025cb6d6c6c6ddc83a973c0cace7cec2ce. No driver-line, cell-identity, assay-equivalence, or biological-validation claim."
720575940628129129,table3_activation_input,planter,figures.ipynb:types_and_ids,sez_neurons.pickle,flywire_root_id,flywire-630-2023-03-23,SOURCE_VERIFIED_COMPUTATIONAL,"Computational source mapping only; upstream pickle sha256=2bc5a2a8289924f2de39a8e68bdc07025cb6d6c6c6ddc83a973c0cace7cec2ce. No driver-line, cell-identity, assay-equivalence, or biological-validation claim."
720575940628134555,table3_activation_input,basket,figures.ipynb:types_and_ids,sez_neurons.pickle,flywire_root_id,flywire-630-2023-03-23,SOURCE_VERIFIED_COMPUTATIONAL,"Computational source mapping only; upstream pickle sha256=2bc5a2a8289924f2de39a8e68bdc07025cb6d6c6c6ddc83a973c0cace7cec2ce. No driver-line, cell-identity, assay-equivalence, or biological-validation claim."
720575940628306114,table3_activation_input,handle,figures.ipynb:types_and_ids,sez_neurons.pickle,flywire_root_id,flywire-630-2023-03-23,SOURCE_VERIFIED_COMPUTATIONAL,"Computational source mapping only; upstream pickle sha256=2bc5a2a8289924f2de39a8e68bdc07025cb6d6c6c6ddc83a973c0cace7cec2ce. No driver-line, cell-identity, assay-equivalence, or biological-validation claim."
720575940628330651,table3_activation_input,weaver,figures.ipynb:types_and_ids,sez_neurons.pickle,flywire_root_id,flywire-630-2023-03-23,SOURCE_VERIFIED_COMPUTATIONAL,"Computational source mapping only; upstream pickle sha256=2bc5a2a8289924f2de39a8e68bdc07025cb6d6c6c6ddc83a973c0cace7cec2ce. No driver-line, cell-identity, assay-equivalence, or biological-validation claim."
720575940628362058,table3_activation_input,brontosaraus,figures.ipynb:types_and_ids,sez_neurons.pickle,flywire_root_id,flywire-630-2023-03-23,SOURCE_VERIFIED_COMPUTATIONAL,"Computational source mapping only; upstream pickle sha256=2bc5a2a8289924f2de39a8e68bdc07025cb6d6c6c6ddc83a973c0cace7cec2ce. No driver-line, cell-identity, assay-equivalence, or biological-validation claim."
720575940628386295,table3_activation_input,trumpet,figures.ipynb:types_and_ids,sez_neurons.pickle,flywire_root_id,flywire-630-2023-03-23,SOURCE_VERIFIED_COMPUTATIONAL,"Computational source mapping only; upstream pickle sha256=2bc5a2a8289924f2de39a8e68bdc07025cb6d6c6c6ddc83a973c0cace7cec2ce. No driver-line, cell-identity, assay-equivalence, or biological-validation claim."
720575940628469508,table3_activation_input,weaver,figures.ipynb:types_and_ids,sez_neurons.pickle,flywire_root_id,flywire-630-2023-03-23,SOURCE_VERIFIED_COMPUTATIONAL,"Computational source mapping only; upstream pickle sha256=2bc5a2a8289924f2de39a8e68bdc07025cb6d6c6c6ddc83a973c0cace7cec2ce. No driver-line, cell-identity, assay-equivalence, or biological-validation claim."
720575940628527439,table3_activation_input,diatom,figures.ipynb:types_and_ids,sez_neurons.pickle,flywire_root_id,flywire-630-2023-03-23,SOURCE_VERIFIED_COMPUTATIONAL,"Computational source mapping only; upstream pickle sha256=2bc5a2a8289924f2de39a8e68bdc07025cb6d6c6c6ddc83a973c0cace7cec2ce. No driver-line, cell-identity, assay-equivalence, or biological-validation claim."
720575940628546807,table3_activation_input,weaver,figures.ipynb:types_and_ids,sez_neurons.pickle,flywire_root_id,flywire-630-2023-03-23,SOURCE_VERIFIED_COMPUTATIONAL,"Computational source mapping only; upstream pickle sha256=2bc5a2a8289924f2de39a8e68bdc07025cb6d6c6c6ddc83a973c0cace7cec2ce. No driver-line, cell-identity, assay-equivalence, or biological-validation claim."
720575940628590697,table3_activation_input,sullivan,figures.ipynb:types_and_ids,sez_neurons.pickle,flywire_root_id,flywire-630-2023-03-23,SOURCE_VERIFIED_COMPUTATIONAL,"Computational source mapping only; upstream pickle sha256=2bc5a2a8289924f2de39a8e68bdc07025cb6d6c6c6ddc83a973c0cace7cec2ce. No driver-line, cell-identity, assay-equivalence, or biological-validation claim."
720575940628676457,table3_activation_input,hound,figures.ipynb:types_and_ids,sez_neurons.pickle,flywire_root_id,flywire-630-2023-03-23,SOURCE_VERIFIED_COMPUTATIONAL,"Computational source mapping only; upstream pickle sha256=2bc5a2a8289924f2de39a8e68bdc07025cb6d6c6c6ddc83a973c0cace7cec2ce. No driver-line, cell-identity, assay-equivalence, or biological-validation claim."
720575940628755815,table3_activation_input,foxglove,figures.ipynb:types_and_ids,sez_neurons.pickle,flywire_root_id,flywire-630-2023-03-23,SOURCE_VERIFIED_COMPUTATIONAL,"Computational source mapping only; upstream pickle sha256=2bc5a2a8289924f2de39a8e68bdc07025cb6d6c6c6ddc83a973c0cace7cec2ce. No driver-line, cell-identity, assay-equivalence, or biological-validation claim."
720575940629013199,table3_activation_input,earmuff,figures.ipynb:types_and_ids,sez_neurons.pickle,flywire_root_id,flywire-630-2023-03-23,SOURCE_VERIFIED_COMPUTATIONAL,"Computational source mapping only; upstream pickle sha256=2bc5a2a8289924f2de39a8e68bdc07025cb6d6c6c6ddc83a973c0cace7cec2ce. No driver-line, cell-identity, assay-equivalence, or biological-validation claim."
720575940629081175,table3_activation_input,rocket,figures.ipynb:types_and_ids,sez_neurons.pickle,flywire_root_id,flywire-630-2023-03-23,SOURCE_VERIFIED_COMPUTATIONAL,"Computational source mapping only; upstream pickle sha256=2bc5a2a8289924f2de39a8e68bdc07025cb6d6c6c6ddc83a973c0cace7cec2ce. No driver-line, cell-identity, assay-equivalence, or biological-validation claim."
720575940629210490,table3_activation_input,spray,figures.ipynb:types_and_ids,sez_neurons.pickle,flywire_root_id,flywire-630-2023-03-23,SOURCE_VERIFIED_COMPUTATIONAL,"Computational source mapping only; upstream pickle sha256=2bc5a2a8289924f2de39a8e68bdc07025cb6d6c6c6ddc83a973c0cace7cec2ce. No driver-line, cell-identity, assay-equivalence, or biological-validation claim."
720575940629437378,table3_activation_input,turner,figures.ipynb:types_and_ids,sez_neurons.pickle,flywire_root_id,flywire-630-2023-03-23,SOURCE_VERIFIED_COMPUTATIONAL,"Computational source mapping only; upstream pickle sha256=2bc5a2a8289924f2de39a8e68bdc07025cb6d6c6c6ddc83a973c0cace7cec2ce. No driver-line, cell-identity, assay-equivalence, or biological-validation claim."
720575940629460524,table3_activation_input,weaver,figures.ipynb:types_and_ids,sez_neurons.pickle,flywire_root_id,flywire-630-2023-03-23,SOURCE_VERIFIED_COMPUTATIONAL,"Computational source mapping only; upstream pickle sha256=2bc5a2a8289924f2de39a8e68bdc07025cb6d6c6c6ddc83a973c0cace7cec2ce. No driver-line, cell-identity, assay-equivalence, or biological-validation claim."
720575940629468026,table3_activation_input,eiffel,figures.ipynb:types_and_ids,sez_neurons.pickle,flywire_root_id,flywire-630-2023-03-23,SOURCE_VERIFIED_COMPUTATIONAL,"Computational source mapping only; upstream pickle sha256=2bc5a2a8289924f2de39a8e68bdc07025cb6d6c6c6ddc83a973c0cace7cec2ce. No driver-line, cell-identity, assay-equivalence, or biological-validation claim."
720575940629592567,table3_activation_input,handle,figures.ipynb:types_and_ids,sez_neurons.pickle,flywire_root_id,flywire-630-2023-03-23,SOURCE_VERIFIED_COMPUTATIONAL,"Computational source mapping only; upstream pickle sha256=2bc5a2a8289924f2de39a8e68bdc07025cb6d6c6c6ddc83a973c0cace7cec2ce. No driver-line, cell-identity, assay-equivalence, or biological-validation claim."
720575940629598935,table3_activation_input,mime,figures.ipynb:types_and_ids,sez_neurons.pickle,flywire_root_id,flywire-630-2023-03-23,SOURCE_VERIFIED_COMPUTATIONAL,"Computational source mapping only; upstream pickle sha256=2bc5a2a8289924f2de39a8e68bdc07025cb6d6c6c6ddc83a973c0cace7cec2ce. No driver-line, cell-identity, assay-equivalence, or biological-validation claim."
720575940629663596,table3_activation_input,gallinule,figures.ipynb:types_and_ids,sez_neurons.pickle,flywire_root_id,flywire-630-2023-03-23,SOURCE_VERIFIED_COMPUTATIONAL,"Computational source mapping only; upstream pickle sha256=2bc5a2a8289924f2de39a8e68bdc07025cb6d6c6c6ddc83a973c0cace7cec2ce. No driver-line, cell-identity, assay-equivalence, or biological-validation claim."
720575940629977192,table3_activation_input,rocket,figures.ipynb:types_and_ids,sez_neurons.pickle,flywire_root_id,flywire-630-2023-03-23,SOURCE_VERIFIED_COMPUTATIONAL,"Computational source mapping only; upstream pickle sha256=2bc5a2a8289924f2de39a8e68bdc07025cb6d6c6c6ddc83a973c0cace7cec2ce. No driver-line, cell-identity, assay-equivalence, or biological-validation claim."
720575940629997050,table3_activation_input,pSG1,figures.ipynb:types_and_ids,sez_neurons.pickle,flywire_root_id,flywire-630-2023-03-23,SOURCE_VERIFIED_COMPUTATIONAL,"Computational source mapping only; upstream pickle sha256=2bc5a2a8289924f2de39a8e68bdc07025cb6d6c6c6ddc83a973c0cace7cec2ce. No driver-line, cell-identity, assay-equivalence, or biological-validation claim."
720575940630094652,table3_activation_input,hound,figures.ipynb:types_and_ids,sez_neurons.pickle,flywire_root_id,flywire-630-2023-03-23,SOURCE_VERIFIED_COMPUTATIONAL,"Computational source mapping only; upstream pickle sha256=2bc5a2a8289924f2de39a8e68bdc07025cb6d6c6c6ddc83a973c0cace7cec2ce. No driver-line, cell-identity, assay-equivalence, or biological-validation claim."
720575940630119532,table3_activation_input,mute,figures.ipynb:types_and_ids,sez_neurons.pickle,flywire_root_id,flywire-630-2023-03-23,SOURCE_VERIFIED_COMPUTATIONAL,"Computational source mapping only; upstream pickle sha256=2bc5a2a8289924f2de39a8e68bdc07025cb6d6c6c6ddc83a973c0cace7cec2ce. No driver-line, cell-identity, assay-equivalence, or biological-validation claim."
720575940630133110,table3_activation_input,horn,figures.ipynb:types_and_ids,sez_neurons.pickle,flywire_root_id,flywire-630-2023-03-23,SOURCE_VERIFIED_COMPUTATIONAL,"Computational source mapping only; upstream pickle sha256=2bc5a2a8289924f2de39a8e68bdc07025cb6d6c6c6ddc83a973c0cace7cec2ce. No driver-line, cell-identity, assay-equivalence, or biological-validation claim."
720575940630165007,table3_activation_input,aDT6,figures.ipynb:types_and_ids,sez_neurons.pickle,flywire_root_id,flywire-630-2023-03-23,SOURCE_VERIFIED_COMPUTATIONAL,"Computational source mapping only; upstream pickle sha256=2bc5a2a8289924f2de39a8e68bdc07025cb6d6c6c6ddc83a973c0cace7cec2ce. No driver-line, cell-identity, assay-equivalence, or biological-validation claim."
720575940630461660,table3_activation_input,rattle,figures.ipynb:types_and_ids,sez_neurons.pickle,flywire_root_id,flywire-630-2023-03-23,SOURCE_VERIFIED_COMPUTATIONAL,"Computational source mapping only; upstream pickle sha256=2bc5a2a8289924f2de39a8e68bdc07025cb6d6c6c6ddc83a973c0cace7cec2ce. No driver-line, cell-identity, assay-equivalence, or biological-validation claim."
720575940630548751,table3_activation_input,hyacinth,figures.ipynb:types_and_ids,sez_neurons.pickle,flywire_root_id,flywire-630-2023-03-23,SOURCE_VERIFIED_COMPUTATIONAL,"Computational source mapping only; upstream pickle sha256=2bc5a2a8289924f2de39a8e68bdc07025cb6d6c6c6ddc83a973c0cace7cec2ce. No driver-line, cell-identity, assay-equivalence, or biological-validation claim."
720575940630575943,table3_activation_input,mime,figures.ipynb:types_and_ids,sez_neurons.pickle,flywire_root_id,flywire-630-2023-03-23,SOURCE_VERIFIED_COMPUTATIONAL,"Computational source mapping only; upstream pickle sha256=2bc5a2a8289924f2de39a8e68bdc07025cb6d6c6c6ddc83a973c0cace7cec2ce. No driver-line, cell-identity, assay-equivalence, or biological-validation claim."
720575940630619719,table3_activation_input,horseshoe,figures.ipynb:types_and_ids,sez_neurons.pickle,flywire_root_id,flywire-630-2023-03-23,SOURCE_VERIFIED_COMPUTATIONAL,"Computational source mapping only; upstream pickle sha256=2bc5a2a8289924f2de39a8e68bdc07025cb6d6c6c6ddc83a973c0cace7cec2ce. No driver-line, cell-identity, assay-equivalence, or biological-validation claim."
720575940630620687,table3_activation_input,gallinule,figures.ipynb:types_and_ids,sez_neurons.pickle,flywire_root_id,flywire-630-2023-03-23,SOURCE_VERIFIED_COMPUTATIONAL,"Computational source mapping only; upstream pickle sha256=2bc5a2a8289924f2de39a8e68bdc07025cb6d6c6c6ddc83a973c0cace7cec2ce. No driver-line, cell-identity, assay-equivalence, or biological-validation claim."
720575940630670454,table3_activation_input,nori;oink,figures.ipynb:types_and_ids,sez_neurons.pickle,flywire_root_id,flywire-630-2023-03-23,SOURCE_VERIFIED_COMPUTATIONAL,"Computational source mapping only; upstream pickle sha256=2bc5a2a8289924f2de39a8e68bdc07025cb6d6c6c6ddc83a973c0cace7cec2ce. No driver-line, cell-identity, assay-equivalence, or biological-validation claim."
720575940630679801,table3_activation_input,nori;oink,figures.ipynb:types_and_ids,sez_neurons.pickle,flywire_root_id,flywire-630-2023-03-23,SOURCE_VERIFIED_COMPUTATIONAL,"Computational source mapping only; upstream pickle sha256=2bc5a2a8289924f2de39a8e68bdc07025cb6d6c6c6ddc83a973c0cace7cec2ce. No driver-line, cell-identity, assay-equivalence, or biological-validation claim."
720575940630697078,table3_activation_input,gumdrop,figures.ipynb:types_and_ids,sez_neurons.pickle,flywire_root_id,flywire-630-2023-03-23,SOURCE_VERIFIED_COMPUTATIONAL,"Computational source mapping only; upstream pickle sha256=2bc5a2a8289924f2de39a8e68bdc07025cb6d6c6c6ddc83a973c0cace7cec2ce. No driver-line, cell-identity, assay-equivalence, or biological-validation claim."
720575940630757516,table3_activation_input,pSG1,figures.ipynb:types_and_ids,sez_neurons.pickle,flywire_root_id,flywire-630-2023-03-23,SOURCE_VERIFIED_COMPUTATIONAL,"Computational source mapping only; upstream pickle sha256=2bc5a2a8289924f2de39a8e68bdc07025cb6d6c6c6ddc83a973c0cace7cec2ce. No driver-line, cell-identity, assay-equivalence, or biological-validation claim."
720575940630788882,table3_activation_input,lion,figures.ipynb:types_and_ids,sez_neurons.pickle,flywire_root_id,flywire-630-2023-03-23,SOURCE_VERIFIED_COMPUTATIONAL,"Computational source mapping only; upstream pickle sha256=2bc5a2a8289924f2de39a8e68bdc07025cb6d6c6c6ddc83a973c0cace7cec2ce. No driver-line, cell-identity, assay-equivalence, or biological-validation claim."
720575940630868793,table3_activation_input,tinctoria,figures.ipynb:types_and_ids,sez_neurons.pickle,flywire_root_id,flywire-630-2023-03-23,SOURCE_VERIFIED_COMPUTATIONAL,"Computational source mapping only; upstream pickle sha256=2bc5a2a8289924f2de39a8e68bdc07025cb6d6c6c6ddc83a973c0cace7cec2ce. No driver-line, cell-identity, assay-equivalence, or biological-validation claim."
720575940631110095,table3_activation_input,gumdrop,figures.ipynb:types_and_ids,sez_neurons.pickle,flywire_root_id,flywire-630-2023-03-23,SOURCE_VERIFIED_COMPUTATIONAL,"Computational source mapping only; upstream pickle sha256=2bc5a2a8289924f2de39a8e68bdc07025cb6d6c6c6ddc83a973c0cace7cec2ce. No driver-line, cell-identity, assay-equivalence, or biological-validation claim."
720575940631168057,table3_activation_input,bluebell,figures.ipynb:types_and_ids,sez_neurons.pickle,flywire_root_id,flywire-630-2023-03-23,SOURCE_VERIFIED_COMPUTATIONAL,"Computational source mapping only; upstream pickle sha256=2bc5a2a8289924f2de39a8e68bdc07025cb6d6c6c6ddc83a973c0cace7cec2ce. No driver-line, cell-identity, assay-equivalence, or biological-validation claim."
720575940631177809,table3_activation_input,basket,figures.ipynb:types_and_ids,sez_neurons.pickle,flywire_root_id,flywire-630-2023-03-23,SOURCE_VERIFIED_COMPUTATIONAL,"Computational source mapping only; upstream pickle sha256=2bc5a2a8289924f2de39a8e68bdc07025cb6d6c6c6ddc83a973c0cace7cec2ce. No driver-line, cell-identity, assay-equivalence, or biological-validation claim."
720575940631237203,table3_activation_input,peacock,figures.ipynb:types_and_ids,sez_neurons.pickle,flywire_root_id,flywire-630-2023-03-23,SOURCE_VERIFIED_COMPUTATIONAL,"Computational source mapping only; upstream pickle sha256=2bc5a2a8289924f2de39a8e68bdc07025cb6d6c6c6ddc83a973c0cace7cec2ce. No driver-line, cell-identity, assay-equivalence, or biological-validation claim."
720575940631293202,table3_activation_input,horntail,figures.ipynb:types_and_ids,sez_neurons.pickle,flywire_root_id,flywire-630-2023-03-23,SOURCE_VERIFIED_COMPUTATIONAL,"Computational source mapping only; upstream pickle sha256=2bc5a2a8289924f2de39a8e68bdc07025cb6d6c6c6ddc83a973c0cace7cec2ce. No driver-line, cell-identity, assay-equivalence, or biological-validation claim."
720575940631416121,table3_activation_input,basket,figures.ipynb:types_and_ids,sez_neurons.pickle,flywire_root_id,flywire-630-2023-03-23,SOURCE_VERIFIED_COMPUTATIONAL,"Computational source mapping only; upstream pickle sha256=2bc5a2a8289924f2de39a8e68bdc07025cb6d6c6c6ddc83a973c0cace7cec2ce. No driver-line, cell-identity, assay-equivalence, or biological-validation claim."
720575940631448874,table3_activation_input,earmuff,figures.ipynb:types_and_ids,sez_neurons.pickle,flywire_root_id,flywire-630-2023-03-23,SOURCE_VERIFIED_COMPUTATIONAL,"Computational source mapping only; upstream pickle sha256=2bc5a2a8289924f2de39a8e68bdc07025cb6d6c6c6ddc83a973c0cace7cec2ce. No driver-line, cell-identity, assay-equivalence, or biological-validation claim."
720575940631570636,table3_activation_input,aDT6,figures.ipynb:types_and_ids,sez_neurons.pickle,flywire_root_id,flywire-630-2023-03-23,SOURCE_VERIFIED_COMPUTATIONAL,"Computational source mapping only; upstream pickle sha256=2bc5a2a8289924f2de39a8e68bdc07025cb6d6c6c6ddc83a973c0cace7cec2ce. No driver-line, cell-identity, assay-equivalence, or biological-validation claim."
720575940631595603,table3_activation_input,trogon,figures.ipynb:types_and_ids,sez_neurons.pickle,flywire_root_id,flywire-630-2023-03-23,SOURCE_VERIFIED_COMPUTATIONAL,"Computational source mapping only; upstream pickle sha256=2bc5a2a8289924f2de39a8e68bdc07025cb6d6c6c6ddc83a973c0cace7cec2ce. No driver-line, cell-identity, assay-equivalence, or biological-validation claim."
720575940631643532,table3_activation_input,snake,figures.ipynb:types_and_ids,sez_neurons.pickle,flywire_root_id,flywire-630-2023-03-23,SOURCE_VERIFIED_COMPUTATIONAL,"Computational source mapping only; upstream pickle sha256=2bc5a2a8289924f2de39a8e68bdc07025cb6d6c6c6ddc83a973c0cace7cec2ce. No driver-line, cell-identity, assay-equivalence, or biological-validation claim."
720575940631740497,table3_activation_input,good_dog,figures.ipynb:types_and_ids,sez_neurons.pickle,flywire_root_id,flywire-630-2023-03-23,SOURCE_VERIFIED_COMPUTATIONAL,"Computational source mapping only; upstream pickle sha256=2bc5a2a8289924f2de39a8e68bdc07025cb6d6c6c6ddc83a973c0cace7cec2ce. No driver-line, cell-identity, assay-equivalence, or biological-validation claim."
720575940631983464,table3_activation_input,OinkT,figures.ipynb:types_and_ids,sez_neurons.pickle,flywire_root_id,flywire-630-2023-03-23,SOURCE_VERIFIED_COMPUTATIONAL,"Computational source mapping only; upstream pickle sha256=2bc5a2a8289924f2de39a8e68bdc07025cb6d6c6c6ddc83a973c0cace7cec2ce. No driver-line, cell-identity, assay-equivalence, or biological-validation claim."
720575940631997032,table3_activation_input,Fdg,figures.ipynb:types_and_ids,sez_neurons.pickle,flywire_root_id,flywire-630-2023-03-23,SOURCE_VERIFIED_COMPUTATIONAL,"Computational source mapping only; upstream pickle sha256=2bc5a2a8289924f2de39a8e68bdc07025cb6d6c6c6ddc83a973c0cace7cec2ce. No driver-line, cell-identity, assay-equivalence, or biological-validation claim."
720575940632012243,table3_activation_input,horseshoe,figures.ipynb:types_and_ids,sez_neurons.pickle,flywire_root_id,flywire-630-2023-03-23,SOURCE_VERIFIED_COMPUTATIONAL,"Computational source mapping only; upstream pickle sha256=2bc5a2a8289924f2de39a8e68bdc07025cb6d6c6c6ddc83a973c0cace7cec2ce. No driver-line, cell-identity, assay-equivalence, or biological-validation claim."
720575940632089887,table3_activation_input,mandala,figures.ipynb:types_and_ids,sez_neurons.pickle,flywire_root_id,flywire-630-2023-03-23,SOURCE_VERIFIED_COMPUTATIONAL,"Computational source mapping only; upstream pickle sha256=2bc5a2a8289924f2de39a8e68bdc07025cb6d6c6c6ddc83a973c0cace7cec2ce. No driver-line, cell-identity, assay-equivalence, or biological-validation claim."
720575940632134227,table3_activation_input,fluff,figures.ipynb:types_and_ids,sez_neurons.pickle,flywire_root_id,flywire-630-2023-03-23,SOURCE_VERIFIED_COMPUTATIONAL,"Computational source mapping only; upstream pickle sha256=2bc5a2a8289924f2de39a8e68bdc07025cb6d6c6c6ddc83a973c0cace7cec2ce. No driver-line, cell-identity, assay-equivalence, or biological-validation claim."
720575940632316205,table3_activation_input,mandala,figures.ipynb:types_and_ids,sez_neurons.pickle,flywire_root_id,flywire-630-2023-03-23,SOURCE_VERIFIED_COMPUTATIONAL,"Computational source mapping only; upstream pickle sha256=2bc5a2a8289924f2de39a8e68bdc07025cb6d6c6c6ddc83a973c0cace7cec2ce. No driver-line, cell-identity, assay-equivalence, or biological-validation claim."
720575940632648612,table3_activation_input,usnea,figures.ipynb:types_and_ids,sez_neurons.pickle,flywire_root_id,flywire-630-2023-03-23,SOURCE_VERIFIED_COMPUTATIONAL,"Computational source mapping only; upstream pickle sha256=2bc5a2a8289924f2de39a8e68bdc07025cb6d6c6c6ddc83a973c0cace7cec2ce. No driver-line, cell-identity, assay-equivalence, or biological-validation claim."
720575940632648868,table3_activation_input,clavicle,figures.ipynb:types_and_ids,sez_neurons.pickle,flywire_root_id,flywire-630-2023-03-23,SOURCE_VERIFIED_COMPUTATIONAL,"Computational source mapping only; upstream pickle sha256=2bc5a2a8289924f2de39a8e68bdc07025cb6d6c6c6ddc83a973c0cace7cec2ce. No driver-line, cell-identity, assay-equivalence, or biological-validation claim."
720575940632722636,table3_activation_input,web,figures.ipynb:types_and_ids,sez_neurons.pickle,flywire_root_id,flywire-630-2023-03-23,SOURCE_VERIFIED_COMPUTATIONAL,"Computational source mapping only; upstream pickle sha256=2bc5a2a8289924f2de39a8e68bdc07025cb6d6c6c6ddc83a973c0cace7cec2ce. No driver-line, cell-identity, assay-equivalence, or biological-validation claim."
720575940632835923,table3_activation_input,Asteroid,figures.ipynb:types_and_ids,sez_neurons.pickle,flywire_root_id,flywire-630-2023-03-23,SOURCE_VERIFIED_COMPUTATIONAL,"Computational source mapping only; upstream pickle sha256=2bc5a2a8289924f2de39a8e68bdc07025cb6d6c6c6ddc83a973c0cace7cec2ce. No driver-line, cell-identity, assay-equivalence, or biological-validation claim."
720575940632852124,table3_activation_input,brontosaraus,figures.ipynb:types_and_ids,sez_neurons.pickle,flywire_root_id,flywire-630-2023-03-23,SOURCE_VERIFIED_COMPUTATIONAL,"Computational source mapping only; upstream pickle sha256=2bc5a2a8289924f2de39a8e68bdc07025cb6d6c6c6ddc83a973c0cace7cec2ce. No driver-line, cell-identity, assay-equivalence, or biological-validation claim."
720575940632877869,table3_activation_input,fudog,figures.ipynb:types_and_ids,sez_neurons.pickle,flywire_root_id,flywire-630-2023-03-23,SOURCE_VERIFIED_COMPUTATIONAL,"Computational source mapping only; upstream pickle sha256=2bc5a2a8289924f2de39a8e68bdc07025cb6d6c6c6ddc83a973c0cace7cec2ce. No driver-line, cell-identity, assay-equivalence, or biological-validation claim."
720575940633050524,table3_activation_input,weaver,figures.ipynb:types_and_ids,sez_neurons.pickle,flywire_root_id,flywire-630-2023-03-23,SOURCE_VERIFIED_COMPUTATIONAL,"Computational source mapping only; upstream pickle sha256=2bc5a2a8289924f2de39a8e68bdc07025cb6d6c6c6ddc83a973c0cace7cec2ce. No driver-line, cell-identity, assay-equivalence, or biological-validation claim."
720575940633156799,table3_activation_input,oink,figures.ipynb:types_and_ids,sez_neurons.pickle,flywire_root_id,flywire-630-2023-03-23,SOURCE_VERIFIED_COMPUTATIONAL,"Computational source mapping only; upstream pickle sha256=2bc5a2a8289924f2de39a8e68bdc07025cb6d6c6c6ddc83a973c0cace7cec2ce. No driver-line, cell-identity, assay-equivalence, or biological-validation claim."
720575940633340953,table3_activation_input,box,figures.ipynb:types_and_ids,sez_neurons.pickle,flywire_root_id,flywire-630-2023-03-23,SOURCE_VERIFIED_COMPUTATIONAL,"Computational source mapping only; upstream pickle sha256=2bc5a2a8289924f2de39a8e68bdc07025cb6d6c6c6ddc83a973c0cace7cec2ce. No driver-line, cell-identity, assay-equivalence, or biological-validation claim."
720575940633376301,table3_activation_input,aSG1,figures.ipynb:types_and_ids,sez_neurons.pickle,flywire_root_id,flywire-630-2023-03-23,SOURCE_VERIFIED_COMPUTATIONAL,"Computational source mapping only; upstream pickle sha256=2bc5a2a8289924f2de39a8e68bdc07025cb6d6c6c6ddc83a973c0cace7cec2ce. No driver-line, cell-identity, assay-equivalence, or biological-validation claim."
720575940633611418,table3_activation_input,basket,figures.ipynb:types_and_ids,sez_neurons.pickle,flywire_root_id,flywire-630-2023-03-23,SOURCE_VERIFIED_COMPUTATIONAL,"Computational source mapping only; upstream pickle sha256=2bc5a2a8289924f2de39a8e68bdc07025cb6d6c6c6ddc83a973c0cace7cec2ce. No driver-line, cell-identity, assay-equivalence, or biological-validation claim."
720575940634147936,table3_activation_input,TPN4,figures.ipynb:types_and_ids,sez_neurons.pickle,flywire_root_id,flywire-630-2023-03-23,SOURCE_VERIFIED_COMPUTATIONAL,"Computational source mapping only; upstream pickle sha256=2bc5a2a8289924f2de39a8e68bdc07025cb6d6c6c6ddc83a973c0cace7cec2ce. No driver-line, cell-identity, assay-equivalence, or biological-validation claim."
720575940634251164,table3_activation_input,kokopelli,figures.ipynb:types_and_ids,sez_neurons.pickle,flywire_root_id,flywire-630-2023-03-23,SOURCE_VERIFIED_COMPUTATIONAL,"Computational source mapping only; upstream pickle sha256=2bc5a2a8289924f2de39a8e68bdc07025cb6d6c6c6ddc83a973c0cace7cec2ce. No driver-line, cell-identity, assay-equivalence, or biological-validation claim."
720575940634290913,table3_activation_input,landslide,figures.ipynb:types_and_ids,sez_neurons.pickle,flywire_root_id,flywire-630-2023-03-23,SOURCE_VERIFIED_COMPUTATIONAL,"Computational source mapping only; upstream pickle sha256=2bc5a2a8289924f2de39a8e68bdc07025cb6d6c6c6ddc83a973c0cace7cec2ce. No driver-line, cell-identity, assay-equivalence, or biological-validation claim."
720575940634333631,table3_activation_input,bamboo,figures.ipynb:types_and_ids,sez_neurons.pickle,flywire_root_id,flywire-630-2023-03-23,SOURCE_VERIFIED_COMPUTATIONAL,"Computational source mapping only; upstream pickle sha256=2bc5a2a8289924f2de39a8e68bdc07025cb6d6c6c6ddc83a973c0cace7cec2ce. No driver-line, cell-identity, assay-equivalence, or biological-validation claim."
720575940634788247,table3_activation_input,mime,figures.ipynb:types_and_ids,sez_neurons.pickle,flywire_root_id,flywire-630-2023-03-23,SOURCE_VERIFIED_COMPUTATIONAL,"Computational source mapping only; upstream pickle sha256=2bc5a2a8289924f2de39a8e68bdc07025cb6d6c6c6ddc83a973c0cace7cec2ce. No driver-line, cell-identity, assay-equivalence, or biological-validation claim."
720575940634844408,table3_activation_input,mime,figures.ipynb:types_and_ids,sez_neurons.pickle,flywire_root_id,flywire-630-2023-03-23,SOURCE_VERIFIED_COMPUTATIONAL,"Computational source mapping only; upstream pickle sha256=2bc5a2a8289924f2de39a8e68bdc07025cb6d6c6c6ddc83a973c0cace7cec2ce. No driver-line, cell-identity, assay-equivalence, or biological-validation claim."
720575940635112544,table3_activation_input,meteor,figures.ipynb:types_and_ids,sez_neurons.pickle,flywire_root_id,flywire-630-2023-03-23,SOURCE_VERIFIED_COMPUTATIONAL,"Computational source mapping only; upstream pickle sha256=2bc5a2a8289924f2de39a8e68bdc07025cb6d6c6c6ddc83a973c0cace7cec2ce. No driver-line, cell-identity, assay-equivalence, or biological-validation claim."
720575940635166571,table3_activation_input,bluebell,figures.ipynb:types_and_ids,sez_neurons.pickle,flywire_root_id,flywire-630-2023-03-23,SOURCE_VERIFIED_COMPUTATIONAL,"Computational source mapping only; upstream pickle sha256=2bc5a2a8289924f2de39a8e68bdc07025cb6d6c6c6ddc83a973c0cace7cec2ce. No driver-line, cell-identity, assay-equivalence, or biological-validation claim."
720575940635175007,table3_activation_input,justice,figures.ipynb:types_and_ids,sez_neurons.pickle,flywire_root_id,flywire-630-2023-03-23,SOURCE_VERIFIED_COMPUTATIONAL,"Computational source mapping only; upstream pickle sha256=2bc5a2a8289924f2de39a8e68bdc07025cb6d6c6c6ddc83a973c0cace7cec2ce. No driver-line, cell-identity, assay-equivalence, or biological-validation claim."
720575940635191438,table3_activation_input,aDT6,figures.ipynb:types_and_ids,sez_neurons.pickle,flywire_root_id,flywire-630-2023-03-23,SOURCE_VERIFIED_COMPUTATIONAL,"Computational source mapping only; upstream pickle sha256=2bc5a2a8289924f2de39a8e68bdc07025cb6d6c6c6ddc83a973c0cace7cec2ce. No driver-line, cell-identity, assay-equivalence, or biological-validation claim."
720575940635206251,table3_activation_input,crab,figures.ipynb:types_and_ids,sez_neurons.pickle,flywire_root_id,flywire-630-2023-03-23,SOURCE_VERIFIED_COMPUTATIONAL,"Computational source mapping only; upstream pickle sha256=2bc5a2a8289924f2de39a8e68bdc07025cb6d6c6c6ddc83a973c0cace7cec2ce. No driver-line, cell-identity, assay-equivalence, or biological-validation claim."
720575940635211768,table3_activation_input,amulet,figures.ipynb:types_and_ids,sez_neurons.pickle,flywire_root_id,flywire-630-2023-03-23,SOURCE_VERIFIED_COMPUTATIONAL,"Computational source mapping only; upstream pickle sha256=2bc5a2a8289924f2de39a8e68bdc07025cb6d6c6c6ddc83a973c0cace7cec2ce. No driver-line, cell-identity, assay-equivalence, or biological-validation claim."
720575940635239672,table3_activation_input,kelp,figures.ipynb:types_and_ids,sez_neurons.pickle,flywire_root_id,flywire-630-2023-03-23,SOURCE_VERIFIED_COMPUTATIONAL,"Computational source mapping only; upstream pickle sha256=2bc5a2a8289924f2de39a8e68bdc07025cb6d6c6c6ddc83a973c0cace7cec2ce. No driver-line, cell-identity, assay-equivalence, or biological-validation claim."
720575940635574958,table3_activation_input,moor,figures.ipynb:types_and_ids,sez_neurons.pickle,flywire_root_id,flywire-630-2023-03-23,SOURCE_VERIFIED_COMPUTATIONAL,"Computational source mapping only; upstream pickle sha256=2bc5a2a8289924f2de39a8e68bdc07025cb6d6c6c6ddc83a973c0cace7cec2ce. No driver-line, cell-identity, assay-equivalence, or biological-validation claim."
720575940635613358,table3_activation_input,oink,figures.ipynb:types_and_ids,sez_neurons.pickle,flywire_root_id,flywire-630-2023-03-23,SOURCE_VERIFIED_COMPUTATIONAL,"Computational source mapping only; upstream pickle sha256=2bc5a2a8289924f2de39a8e68bdc07025cb6d6c6c6ddc83a973c0cace7cec2ce. No driver-line, cell-identity, assay-equivalence, or biological-validation claim."
720575940635642725,table3_activation_input,earmuff,figures.ipynb:types_and_ids,sez_neurons.pickle,flywire_root_id,flywire-630-2023-03-23,SOURCE_VERIFIED_COMPUTATIONAL,"Computational source mapping only; upstream pickle sha256=2bc5a2a8289924f2de39a8e68bdc07025cb6d6c6c6ddc83a973c0cace7cec2ce. No driver-line, cell-identity, assay-equivalence, or biological-validation claim."
720575940635776760,table3_activation_input,shark,figures.ipynb:types_and_ids,sez_neurons.pickle,flywire_root_id,flywire-630-2023-03-23,SOURCE_VERIFIED_COMPUTATIONAL,"Computational source mapping only; upstream pickle sha256=2bc5a2a8289924f2de39a8e68bdc07025cb6d6c6c6ddc83a973c0cace7cec2ce. No driver-line, cell-identity, assay-equivalence, or biological-validation claim."
720575940635839845,table3_activation_input,rocket,figures.ipynb:types_and_ids,sez_neurons.pickle,flywire_root_id,flywire-630-2023-03-23,SOURCE_VERIFIED_COMPUTATIONAL,"Computational source mapping only; upstream pickle sha256=2bc5a2a8289924f2de39a8e68bdc07025cb6d6c6c6ddc83a973c0cace7cec2ce. No driver-line, cell-identity, assay-equivalence, or biological-validation claim."
720575940636029807,table3_activation_input,genie,figures.ipynb:types_and_ids,sez_neurons.pickle,flywire_root_id,flywire-630-2023-03-23,SOURCE_VERIFIED_COMPUTATIONAL,"Computational source mapping only; upstream pickle sha256=2bc5a2a8289924f2de39a8e68bdc07025cb6d6c6c6ddc83a973c0cace7cec2ce. No driver-line, cell-identity, assay-equivalence, or biological-validation claim."
720575940636034661,table3_activation_input,twirl,figures.ipynb:types_and_ids,sez_neurons.pickle,flywire_root_id,flywire-630-2023-03-23,SOURCE_VERIFIED_COMPUTATIONAL,"Computational source mapping only; upstream pickle sha256=2bc5a2a8289924f2de39a8e68bdc07025cb6d6c6c6ddc83a973c0cace7cec2ce. No driver-line, cell-identity, assay-equivalence, or biological-validation claim."
720575940636079502,table3_activation_input,mandala,figures.ipynb:types_and_ids,sez_neurons.pickle,flywire_root_id,flywire-630-2023-03-23,SOURCE_VERIFIED_COMPUTATIONAL,"Computational source mapping only; upstream pickle sha256=2bc5a2a8289924f2de39a8e68bdc07025cb6d6c6c6ddc83a973c0cace7cec2ce. No driver-line, cell-identity, assay-equivalence, or biological-validation claim."
720575940636592270,table3_activation_input,brontosaraus,figures.ipynb:types_and_ids,sez_neurons.pickle,flywire_root_id,flywire-630-2023-03-23,SOURCE_VERIFIED_COMPUTATIONAL,"Computational source mapping only; upstream pickle sha256=2bc5a2a8289924f2de39a8e68bdc07025cb6d6c6c6ddc83a973c0cace7cec2ce. No driver-line, cell-identity, assay-equivalence, or biological-validation claim."
720575940636675214,table3_activation_input,FMIn,figures.ipynb:types_and_ids,sez_neurons.pickle,flywire_root_id,flywire-630-2023-03-23,SOURCE_VERIFIED_COMPUTATIONAL,"Computational source mapping only; upstream pickle sha256=2bc5a2a8289924f2de39a8e68bdc07025cb6d6c6c6ddc83a973c0cace7cec2ce. No driver-line, cell-identity, assay-equivalence, or biological-validation claim."
720575940636734382,table3_activation_input,brontosaraus,figures.ipynb:types_and_ids,sez_neurons.pickle,flywire_root_id,flywire-630-2023-03-23,SOURCE_VERIFIED_COMPUTATIONAL,"Computational source mapping only; upstream pickle sha256=2bc5a2a8289924f2de39a8e68bdc07025cb6d6c6c6ddc83a973c0cace7cec2ce. No driver-line, cell-identity, assay-equivalence, or biological-validation claim."
720575940636887130,table3_activation_input,weaver,figures.ipynb:types_and_ids,sez_neurons.pickle,flywire_root_id,flywire-630-2023-03-23,SOURCE_VERIFIED_COMPUTATIONAL,"Computational source mapping only; upstream pickle sha256=2bc5a2a8289924f2de39a8e68bdc07025cb6d6c6c6ddc83a973c0cace7cec2ce. No driver-line, cell-identity, assay-equivalence, or biological-validation claim."
720575940636895406,table3_activation_input,kelp,figures.ipynb:types_and_ids,sez_neurons.pickle,flywire_root_id,flywire-630-2023-03-23,SOURCE_VERIFIED_COMPUTATIONAL,"Computational source mapping only; upstream pickle sha256=2bc5a2a8289924f2de39a8e68bdc07025cb6d6c6c6ddc83a973c0cace7cec2ce. No driver-line, cell-identity, assay-equivalence, or biological-validation claim."
720575940636928398,table3_activation_input,aSG7,figures.ipynb:types_and_ids,sez_neurons.pickle,flywire_root_id,flywire-630-2023-03-23,SOURCE_VERIFIED_COMPUTATIONAL,"Computational source mapping only; upstream pickle sha256=2bc5a2a8289924f2de39a8e68bdc07025cb6d6c6c6ddc83a973c0cace7cec2ce. No driver-line, cell-identity, assay-equivalence, or biological-validation claim."
720575940637107312,table3_activation_input,diatom,figures.ipynb:types_and_ids,sez_neurons.pickle,flywire_root_id,flywire-630-2023-03-23,SOURCE_VERIFIED_COMPUTATIONAL,"Computational source mapping only; upstream pickle sha256=2bc5a2a8289924f2de39a8e68bdc07025cb6d6c6c6ddc83a973c0cace7cec2ce. No driver-line, cell-identity, assay-equivalence, or biological-validation claim."
720575940637216624,table3_activation_input,mist,figures.ipynb:types_and_ids,sez_neurons.pickle,flywire_root_id,flywire-630-2023-03-23,SOURCE_VERIFIED_COMPUTATIONAL,"Computational source mapping only; upstream pickle sha256=2bc5a2a8289924f2de39a8e68bdc07025cb6d6c6c6ddc83a973c0cace7cec2ce. No driver-line, cell-identity, assay-equivalence, or biological-validation claim."
720575940637360730,table3_activation_input,fluff,figures.ipynb:types_and_ids,sez_neurons.pickle,flywire_root_id,flywire-630-2023-03-23,SOURCE_VERIFIED_COMPUTATIONAL,"Computational source mapping only; upstream pickle sha256=2bc5a2a8289924f2de39a8e68bdc07025cb6d6c6c6ddc83a973c0cace7cec2ce. No driver-line, cell-identity, assay-equivalence, or biological-validation claim."
720575940637381466,table3_activation_input,aDT6,figures.ipynb:types_and_ids,sez_neurons.pickle,flywire_root_id,flywire-630-2023-03-23,SOURCE_VERIFIED_COMPUTATIONAL,"Computational source mapping only; upstream pickle sha256=2bc5a2a8289924f2de39a8e68bdc07025cb6d6c6c6ddc83a973c0cace7cec2ce. No driver-line, cell-identity, assay-equivalence, or biological-validation claim."
720575940637531369,table3_activation_input,aDT6,figures.ipynb:types_and_ids,sez_neurons.pickle,flywire_root_id,flywire-630-2023-03-23,SOURCE_VERIFIED_COMPUTATIONAL,"Computational source mapping only; upstream pickle sha256=2bc5a2a8289924f2de39a8e68bdc07025cb6d6c6c6ddc83a973c0cace7cec2ce. No driver-line, cell-identity, assay-equivalence, or biological-validation claim."
720575940637742150,table3_activation_input,mime,figures.ipynb:types_and_ids,sez_neurons.pickle,flywire_root_id,flywire-630-2023-03-23,SOURCE_VERIFIED_COMPUTATIONAL,"Computational source mapping only; upstream pickle sha256=2bc5a2a8289924f2de39a8e68bdc07025cb6d6c6c6ddc83a973c0cace7cec2ce. No driver-line, cell-identity, assay-equivalence, or biological-validation claim."
720575940637761213,table3_activation_input,rocket,figures.ipynb:types_and_ids,sez_neurons.pickle,flywire_root_id,flywire-630-2023-03-23,SOURCE_VERIFIED_COMPUTATIONAL,"Computational source mapping only; upstream pickle sha256=2bc5a2a8289924f2de39a8e68bdc07025cb6d6c6c6ddc83a973c0cace7cec2ce. No driver-line, cell-identity, assay-equivalence, or biological-validation claim."
720575940637763135,table3_activation_input,phantom,figures.ipynb:types_and_ids,sez_neurons.pickle,flywire_root_id,flywire-630-2023-03-23,SOURCE_VERIFIED_COMPUTATIONAL,"Computational source mapping only; upstream pickle sha256=2bc5a2a8289924f2de39a8e68bdc07025cb6d6c6c6ddc83a973c0cace7cec2ce. No driver-line, cell-identity, assay-equivalence, or biological-validation claim."
720575940637788137,table3_activation_input,mime,figures.ipynb:types_and_ids,sez_neurons.pickle,flywire_root_id,flywire-630-2023-03-23,SOURCE_VERIFIED_COMPUTATIONAL,"Computational source mapping only; upstream pickle sha256=2bc5a2a8289924f2de39a8e68bdc07025cb6d6c6c6ddc83a973c0cace7cec2ce. No driver-line, cell-identity, assay-equivalence, or biological-validation claim."
720575940637849822,table3_activation_input,box,figures.ipynb:types_and_ids,sez_neurons.pickle,flywire_root_id,flywire-630-2023-03-23,SOURCE_VERIFIED_COMPUTATIONAL,"Computational source mapping only; upstream pickle sha256=2bc5a2a8289924f2de39a8e68bdc07025cb6d6c6c6ddc83a973c0cace7cec2ce. No driver-line, cell-identity, assay-equivalence, or biological-validation claim."
720575940637851069,table3_activation_input,bridle,figures.ipynb:types_and_ids,sez_neurons.pickle,flywire_root_id,flywire-630-2023-03-23,SOURCE_VERIFIED_COMPUTATIONAL,"Computational source mapping only; upstream pickle sha256=2bc5a2a8289924f2de39a8e68bdc07025cb6d6c6c6ddc83a973c0cace7cec2ce. No driver-line, cell-identity, assay-equivalence, or biological-validation claim."
720575940638001498,table3_activation_input,sink_sync,figures.ipynb:types_and_ids,sez_neurons.pickle,flywire_root_id,flywire-630-2023-03-23,SOURCE_VERIFIED_COMPUTATIONAL,"Computational source mapping only; upstream pickle sha256=2bc5a2a8289924f2de39a8e68bdc07025cb6d6c6c6ddc83a973c0cace7cec2ce. No driver-line, cell-identity, assay-equivalence, or biological-validation claim."
720575940638103349,table3_activation_input,rattle,figures.ipynb:types_and_ids,sez_neurons.pickle,flywire_root_id,flywire-630-2023-03-23,SOURCE_VERIFIED_COMPUTATIONAL,"Computational source mapping only; upstream pickle sha256=2bc5a2a8289924f2de39a8e68bdc07025cb6d6c6c6ddc83a973c0cace7cec2ce. No driver-line, cell-identity, assay-equivalence, or biological-validation claim."
720575940638280270,table3_activation_input,diatom,figures.ipynb:types_and_ids,sez_neurons.pickle,flywire_root_id,flywire-630-2023-03-23,SOURCE_VERIFIED_COMPUTATIONAL,"Computational source mapping only; upstream pickle sha256=2bc5a2a8289924f2de39a8e68bdc07025cb6d6c6c6ddc83a973c0cace7cec2ce. No driver-line, cell-identity, assay-equivalence, or biological-validation claim."
720575940638394446,table3_activation_input,bridle,figures.ipynb:types_and_ids,sez_neurons.pickle,flywire_root_id,flywire-630-2023-03-23,SOURCE_VERIFIED_COMPUTATIONAL,"Computational source mapping only; upstream pickle sha256=2bc5a2a8289924f2de39a8e68bdc07025cb6d6c6c6ddc83a973c0cace7cec2ce. No driver-line, cell-identity, assay-equivalence, or biological-validation claim."
720575940638557312,table3_activation_input,mime,figures.ipynb:types_and_ids,sez_neurons.pickle,flywire_root_id,flywire-630-2023-03-23,SOURCE_VERIFIED_COMPUTATIONAL,"Computational source mapping only; upstream pickle sha256=2bc5a2a8289924f2de39a8e68bdc07025cb6d6c6c6ddc83a973c0cace7cec2ce. No driver-line, cell-identity, assay-equivalence, or biological-validation claim."
720575940638597283,table3_activation_input,gallinule,figures.ipynb:types_and_ids,sez_neurons.pickle,flywire_root_id,flywire-630-2023-03-23,SOURCE_VERIFIED_COMPUTATIONAL,"Computational source mapping only; upstream pickle sha256=2bc5a2a8289924f2de39a8e68bdc07025cb6d6c6c6ddc83a973c0cace7cec2ce. No driver-line, cell-identity, assay-equivalence, or biological-validation claim."
720575940638604733,table3_activation_input,rocket,figures.ipynb:types_and_ids,sez_neurons.pickle,flywire_root_id,flywire-630-2023-03-23,SOURCE_VERIFIED_COMPUTATIONAL,"Computational source mapping only; upstream pickle sha256=2bc5a2a8289924f2de39a8e68bdc07025cb6d6c6c6ddc83a973c0cace7cec2ce. No driver-line, cell-identity, assay-equivalence, or biological-validation claim."
720575940638642547,table3_activation_input,brontosaraus,figures.ipynb:types_and_ids,sez_neurons.pickle,flywire_root_id,flywire-630-2023-03-23,SOURCE_VERIFIED_COMPUTATIONAL,"Computational source mapping only; upstream pickle sha256=2bc5a2a8289924f2de39a8e68bdc07025cb6d6c6c6ddc83a973c0cace7cec2ce. No driver-line, cell-identity, assay-equivalence, or biological-validation claim."
720575940638663221,table3_activation_input,sullivan,figures.ipynb:types_and_ids,sez_neurons.pickle,flywire_root_id,flywire-630-2023-03-23,SOURCE_VERIFIED_COMPUTATIONAL,"Computational source mapping only; upstream pickle sha256=2bc5a2a8289924f2de39a8e68bdc07025cb6d6c6c6ddc83a973c0cace7cec2ce. No driver-line, cell-identity, assay-equivalence, or biological-validation claim."
720575940638726717,table3_activation_input,diatom,figures.ipynb:types_and_ids,sez_neurons.pickle,flywire_root_id,flywire-630-2023-03-23,SOURCE_VERIFIED_COMPUTATIONAL,"Computational source mapping only; upstream pickle sha256=2bc5a2a8289924f2de39a8e68bdc07025cb6d6c6c6ddc83a973c0cace7cec2ce. No driver-line, cell-identity, assay-equivalence, or biological-validation claim."
720575940638865011,table3_activation_input,tophat,figures.ipynb:types_and_ids,sez_neurons.pickle,flywire_root_id,flywire-630-2023-03-23,SOURCE_VERIFIED_COMPUTATIONAL,"Computational source mapping only; upstream pickle sha256=2bc5a2a8289924f2de39a8e68bdc07025cb6d6c6c6ddc83a973c0cace7cec2ce. No driver-line, cell-identity, assay-equivalence, or biological-validation claim."
720575940638874064,table3_activation_input,rocket,figures.ipynb:types_and_ids,sez_neurons.pickle,flywire_root_id,flywire-630-2023-03-23,SOURCE_VERIFIED_COMPUTATIONAL,"Computational source mapping only; upstream pickle sha256=2bc5a2a8289924f2de39a8e68bdc07025cb6d6c6c6ddc83a973c0cace7cec2ce. No driver-line, cell-identity, assay-equivalence, or biological-validation claim."
720575940638900469,table3_activation_input,aDT6,figures.ipynb:types_and_ids,sez_neurons.pickle,flywire_root_id,flywire-630-2023-03-23,SOURCE_VERIFIED_COMPUTATIONAL,"Computational source mapping only; upstream pickle sha256=2bc5a2a8289924f2de39a8e68bdc07025cb6d6c6c6ddc83a973c0cace7cec2ce. No driver-line, cell-identity, assay-equivalence, or biological-validation claim."
720575940639107573,table3_activation_input,rocket,figures.ipynb:types_and_ids,sez_neurons.pickle,flywire_root_id,flywire-630-2023-03-23,SOURCE_VERIFIED_COMPUTATIONAL,"Computational source mapping only; upstream pickle sha256=2bc5a2a8289924f2de39a8e68bdc07025cb6d6c6c6ddc83a973c0cace7cec2ce. No driver-line, cell-identity, assay-equivalence, or biological-validation claim."
720575940639295696,table3_activation_input,mandala,figures.ipynb:types_and_ids,sez_neurons.pickle,flywire_root_id,flywire-630-2023-03-23,SOURCE_VERIFIED_COMPUTATIONAL,"Computational source mapping only; upstream pickle sha256=2bc5a2a8289924f2de39a8e68bdc07025cb6d6c6c6ddc83a973c0cace7cec2ce. No driver-line, cell-identity, assay-equivalence, or biological-validation claim."
720575940639485648,table3_activation_input,gallinule,figures.ipynb:types_and_ids,sez_neurons.pickle,flywire_root_id,flywire-630-2023-03-23,SOURCE_VERIFIED_COMPUTATIONAL,"Computational source mapping only; upstream pickle sha256=2bc5a2a8289924f2de39a8e68bdc07025cb6d6c6c6ddc83a973c0cace7cec2ce. No driver-line, cell-identity, assay-equivalence, or biological-validation claim."
720575940639621760,table3_activation_input,rocket,figures.ipynb:types_and_ids,sez_neurons.pickle,flywire_root_id,flywire-630-2023-03-23,SOURCE_VERIFIED_COMPUTATIONAL,"Computational source mapping only; upstream pickle sha256=2bc5a2a8289924f2de39a8e68bdc07025cb6d6c6c6ddc83a973c0cace7cec2ce. No driver-line, cell-identity, assay-equivalence, or biological-validation claim."
720575940639826339,table3_activation_input,OinkT,figures.ipynb:types_and_ids,sez_neurons.pickle,flywire_root_id,flywire-630-2023-03-23,SOURCE_VERIFIED_COMPUTATIONAL,"Computational source mapping only; upstream pickle sha256=2bc5a2a8289924f2de39a8e68bdc07025cb6d6c6c6ddc83a973c0cace7cec2ce. No driver-line, cell-identity, assay-equivalence, or biological-validation claim."
720575940640348149,table3_activation_input,OinkT,figures.ipynb:types_and_ids,sez_neurons.pickle,flywire_root_id,flywire-630-2023-03-23,SOURCE_VERIFIED_COMPUTATIONAL,"Computational source mapping only; upstream pickle sha256=2bc5a2a8289924f2de39a8e68bdc07025cb6d6c6c6ddc83a973c0cace7cec2ce. No driver-line, cell-identity, assay-equivalence, or biological-validation claim."
720575940640464373,table3_activation_input,gallinule,figures.ipynb:types_and_ids,sez_neurons.pickle,flywire_root_id,flywire-630-2023-03-23,SOURCE_VERIFIED_COMPUTATIONAL,"Computational source mapping only; upstream pickle sha256=2bc5a2a8289924f2de39a8e68bdc07025cb6d6c6c6ddc83a973c0cace7cec2ce. No driver-line, cell-identity, assay-equivalence, or biological-validation claim."
720575940641058523,table3_activation_input,diatom,figures.ipynb:types_and_ids,sez_neurons.pickle,flywire_root_id,flywire-630-2023-03-23,SOURCE_VERIFIED_COMPUTATIONAL,"Computational source mapping only; upstream pickle sha256=2bc5a2a8289924f2de39a8e68bdc07025cb6d6c6c6ddc83a973c0cace7cec2ce. No driver-line, cell-identity, assay-equivalence, or biological-validation claim."
720575940641282267,table3_activation_input,gazebo,figures.ipynb:types_and_ids,sez_neurons.pickle,flywire_root_id,flywire-630-2023-03-23,SOURCE_VERIFIED_COMPUTATIONAL,"Computational source mapping only; upstream pickle sha256=2bc5a2a8289924f2de39a8e68bdc07025cb6d6c6c6ddc83a973c0cace7cec2ce. No driver-line, cell-identity, assay-equivalence, or biological-validation claim."
720575940641366517,table3_activation_input,usnea,figures.ipynb:types_and_ids,sez_neurons.pickle,flywire_root_id,flywire-630-2023-03-23,SOURCE_VERIFIED_COMPUTATIONAL,"Computational source mapping only; upstream pickle sha256=2bc5a2a8289924f2de39a8e68bdc07025cb6d6c6c6ddc83a973c0cace7cec2ce. No driver-line, cell-identity, assay-equivalence, or biological-validation claim."
720575940643253271,table3_activation_input,rocket,figures.ipynb:types_and_ids,sez_neurons.pickle,flywire_root_id,flywire-630-2023-03-23,SOURCE_VERIFIED_COMPUTATIONAL,"Computational source mapping only; upstream pickle sha256=2bc5a2a8289924f2de39a8e68bdc07025cb6d6c6c6ddc83a973c0cace7cec2ce. No driver-line, cell-identity, assay-equivalence, or biological-validation claim."
720575940643847022,table3_activation_input,bridle,figures.ipynb:types_and_ids,sez_neurons.pickle,flywire_root_id,flywire-630-2023-03-23,SOURCE_VERIFIED_COMPUTATIONAL,"Computational source mapping only; upstream pickle sha256=2bc5a2a8289924f2de39a8e68bdc07025cb6d6c6c6ddc83a973c0cace7cec2ce. No driver-line, cell-identity, assay-equivalence, or biological-validation claim."
720575940644669732,table3_activation_input,kitty,figures.ipynb:types_and_ids,sez_neurons.pickle,flywire_root_id,flywire-630-2023-03-23,SOURCE_VERIFIED_COMPUTATIONAL,"Computational source mapping only; upstream pickle sha256=2bc5a2a8289924f2de39a8e68bdc07025cb6d6c6c6ddc83a973c0cace7cec2ce. No driver-line, cell-identity, assay-equivalence, or biological-validation claim."
720575940644751651,table3_activation_input,aDT6,figures.ipynb:types_and_ids,sez_neurons.pickle,flywire_root_id,flywire-630-2023-03-23,SOURCE_VERIFIED_COMPUTATIONAL,"Computational source mapping only; upstream pickle sha256=2bc5a2a8289924f2de39a8e68bdc07025cb6d6c6c6ddc83a973c0cace7cec2ce. No driver-line, cell-identity, assay-equivalence, or biological-validation claim."
720575940644758308,table3_activation_input,mothership,figures.ipynb:types_and_ids,sez_neurons.pickle,flywire_root_id,flywire-630-2023-03-23,SOURCE_VERIFIED_COMPUTATIONAL,"Computational source mapping only; upstream pickle sha256=2bc5a2a8289924f2de39a8e68bdc07025cb6d6c6c6ddc83a973c0cace7cec2ce. No driver-line, cell-identity, assay-equivalence, or biological-validation claim."
720575940645045527,table3_activation_input,bract,figures.ipynb:types_and_ids,sez_neurons.pickle,flywire_root_id,flywire-630-2023-03-23,SOURCE_VERIFIED_COMPUTATIONAL,"Computational source mapping only; upstream pickle sha256=2bc5a2a8289924f2de39a8e68bdc07025cb6d6c6c6ddc83a973c0cace7cec2ce. No driver-line, cell-identity, assay-equivalence, or biological-validation claim."
720575940645056791,table3_activation_input,trumpet,figures.ipynb:types_and_ids,sez_neurons.pickle,flywire_root_id,flywire-630-2023-03-23,SOURCE_VERIFIED_COMPUTATIONAL,"Computational source mapping only; upstream pickle sha256=2bc5a2a8289924f2de39a8e68bdc07025cb6d6c6c6ddc83a973c0cace7cec2ce. No driver-line, cell-identity, assay-equivalence, or biological-validation claim."
720575940645474583,table3_activation_input,meteor,figures.ipynb:types_and_ids,sez_neurons.pickle,flywire_root_id,flywire-630-2023-03-23,SOURCE_VERIFIED_COMPUTATIONAL,"Computational source mapping only; upstream pickle sha256=2bc5a2a8289924f2de39a8e68bdc07025cb6d6c6c6ddc83a973c0cace7cec2ce. No driver-line, cell-identity, assay-equivalence, or biological-validation claim."
720575940645521262,primary_readout,MN9_left,figures.ipynb:MN9_readout_definition,figures.ipynb,flywire_root_id,flywire-630-2023-03-23,SOURCE_VERIFIED_COMPUTATIONAL,"Computational source mapping only; upstream pickle sha256=2bc5a2a8289924f2de39a8e68bdc07025cb6d6c6c6ddc83a973c0cace7cec2ce. No driver-line, cell-identity, assay-equivalence, or biological-validation claim."
720575940645859972,table3_activation_input,gallinule,figures.ipynb:types_and_ids,sez_neurons.pickle,flywire_root_id,flywire-630-2023-03-23,SOURCE_VERIFIED_COMPUTATIONAL,"Computational source mapping only; upstream pickle sha256=2bc5a2a8289924f2de39a8e68bdc07025cb6d6c6c6ddc83a973c0cace7cec2ce. No driver-line, cell-identity, assay-equivalence, or biological-validation claim."
720575940646530612,table3_activation_input,mist,figures.ipynb:types_and_ids,sez_neurons.pickle,flywire_root_id,flywire-630-2023-03-23,SOURCE_VERIFIED_COMPUTATIONAL,"Computational source mapping only; upstream pickle sha256=2bc5a2a8289924f2de39a8e68bdc07025cb6d6c6c6ddc83a973c0cace7cec2ce. No driver-line, cell-identity, assay-equivalence, or biological-validation claim."
720575940647010356,table3_activation_input,buddy,figures.ipynb:types_and_ids,sez_neurons.pickle,flywire_root_id,flywire-630-2023-03-23,SOURCE_VERIFIED_COMPUTATIONAL,"Computational source mapping only; upstream pickle sha256=2bc5a2a8289924f2de39a8e68bdc07025cb6d6c6c6ddc83a973c0cace7cec2ce. No driver-line, cell-identity, assay-equivalence, or biological-validation claim."
720575940647030324,table3_activation_input,Fdg,figures.ipynb:types_and_ids,sez_neurons.pickle,flywire_root_id,flywire-630-2023-03-23,SOURCE_VERIFIED_COMPUTATIONAL,"Computational source mapping only; upstream pickle sha256=2bc5a2a8289924f2de39a8e68bdc07025cb6d6c6c6ddc83a973c0cace7cec2ce. No driver-line, cell-identity, assay-equivalence, or biological-validation claim."
720575940647560500,table3_activation_input,sink_sync,figures.ipynb:types_and_ids,sez_neurons.pickle,flywire_root_id,flywire-630-2023-03-23,SOURCE_VERIFIED_COMPUTATIONAL,"Computational source mapping only; upstream pickle sha256=2bc5a2a8289924f2de39a8e68bdc07025cb6d6c6c6ddc83a973c0cace7cec2ce. No driver-line, cell-identity, assay-equivalence, or biological-validation claim."
720575940648864633,table3_activation_input,gnome,figures.ipynb:types_and_ids,sez_neurons.pickle,flywire_root_id,flywire-630-2023-03-23,SOURCE_VERIFIED_COMPUTATIONAL,"Computational source mapping only; upstream pickle sha256=2bc5a2a8289924f2de39a8e68bdc07025cb6d6c6c6ddc83a973c0cace7cec2ce. No driver-line, cell-identity, assay-equivalence, or biological-validation claim."
720575940651919094,table3_activation_input,mandala,figures.ipynb:types_and_ids,sez_neurons.pickle,flywire_root_id,flywire-630-2023-03-23,SOURCE_VERIFIED_COMPUTATIONAL,"Computational source mapping only; upstream pickle sha256=2bc5a2a8289924f2de39a8e68bdc07025cb6d6c6c6ddc83a973c0cace7cec2ce. No driver-line, cell-identity, assay-equivalence, or biological-validation claim."
720575940654057889,table3_activation_input,hyacinth,figures.ipynb:types_and_ids,sez_neurons.pickle,flywire_root_id,flywire-630-2023-03-23,SOURCE_VERIFIED_COMPUTATIONAL,"Computational source mapping only; upstream pickle sha256=2bc5a2a8289924f2de39a8e68bdc07025cb6d6c6c6ddc83a973c0cace7cec2ce. No driver-line, cell-identity, assay-equivalence, or biological-validation claim."
720575940655014049,table3_activation_input,clavicle,figures.ipynb:types_and_ids,sez_neurons.pickle,flywire_root_id,flywire-630-2023-03-23,SOURCE_VERIFIED_COMPUTATIONAL,"Computational source mapping only; upstream pickle sha256=2bc5a2a8289924f2de39a8e68bdc07025cb6d6c6c6ddc83a973c0cace7cec2ce. No driver-line, cell-identity, assay-equivalence, or biological-validation claim."
720575940660219265,primary_readout,MN9_right,figures.ipynb:MN9_readout_definition,figures.ipynb,flywire_root_id,flywire-630-2023-03-23,SOURCE_VERIFIED_COMPUTATIONAL,"Computational source mapping only; upstream pickle sha256=2bc5a2a8289924f2de39a8e68bdc07025cb6d6c6c6ddc83a973c0cace7cec2ce. No driver-line, cell-identity, assay-equivalence, or biological-validation claim."
720575940660281217,table3_activation_input,tophat,figures.ipynb:types_and_ids,sez_neurons.pickle,flywire_root_id,flywire-630-2023-03-23,SOURCE_VERIFIED_COMPUTATIONAL,"Computational source mapping only; upstream pickle sha256=2bc5a2a8289924f2de39a8e68bdc07025cb6d6c6c6ddc83a973c0cace7cec2ce. No driver-line, cell-identity, assay-equivalence, or biological-validation claim."
