path,line,occurrence,classification,definition,compatible_canonical_metric,conversion_reason,ambiguity_status
calibration_targets/targets.csv,2,walking_speed,LEGACY_ALIAS_UNPROVEN,"chen_2014_adult_walking,human_alpha_synuclein,A30P,30,male,adult horizontal walking,mean_planar_speed_mm_s,4.875,mm/s,CI95,0.525,20,Figure 4f,10.1111/gbb.12172; PMID:25113870; PMCID:PMC4262005,approved,reviewer=Lê Tấn Vĩ;review_date=2026-09",NONE_UNTIL_REVIEW,definition does not prove equivalence,LEGACY_ALIAS_UNPROVEN
configs/healthy_baseline_reproducible.yaml,49,walking_speed,AMBIGUOUS_REQUIRES_REVIEW,walking_speed_positive: true,NONE_UNTIL_REVIEW,walking_speed is not a canonical endpoint,AMBIGUOUS_REQUIRES_REVIEW
configs/publication_pipeline.yaml,13,walking_speed,AMBIGUOUS_REQUIRES_REVIEW,calibration_target: Chen_2014_adult_horizontal_walking_speed,NONE_UNTIL_REVIEW,walking_speed is not a canonical endpoint,AMBIGUOUS_REQUIRES_REVIEW
datasets/literature_phenotypes/phenotype_records.csv,2,walking_speed,AMBIGUOUS_REQUIRES_REVIEW,"riemensperger_speed_day5,riemensperger_2011_dopamine_deficiency,dopamine_deficiency,neural_dopamine_deficient,DTHg^FS/+; ple,female,5,Spontaneous walking in an open arena,walking_speed,median,7.8,mm/s,,,13 flies,Figure 2A,https://pubmed.ncb",NONE_UNTIL_REVIEW,walking_speed is not a canonical endpoint,AMBIGUOUS_REQUIRES_REVIEW
datasets/literature_phenotypes/phenotype_records.csv,3,walking_speed,AMBIGUOUS_REQUIRES_REVIEW,"pokrzywa_alpha_speed_day1,pokrzywa_2017_alpha_syn_flytracker,human_alpha_synuclein,alpha_synuclein_expression,w; +; UAS-Hsap/nSyb-Gal4,female,1,FlyTracker locomotion tracking in vials,walking_speed,mean,5.6,mm/s,SE,,3-10 independent vials; ",NONE_UNTIL_REVIEW,walking_speed is not a canonical endpoint,AMBIGUOUS_REQUIRES_REVIEW
datasets/literature_phenotypes/phenotype_records.csv,4,walking_speed,AMBIGUOUS_REQUIRES_REVIEW,"pokrzywa_alpha_speed_day21,pokrzywa_2017_alpha_syn_flytracker,human_alpha_synuclein,alpha_synuclein_expression,w; +; UAS-Hsap/nSyb-Gal4,female,21,FlyTracker locomotion tracking in vials,walking_speed,mean,2.5,mm/s,SE,,3-10 independent vials",NONE_UNTIL_REVIEW,walking_speed is not a canonical endpoint,AMBIGUOUS_REQUIRES_REVIEW
datasets/literature_phenotypes/phenotype_records.csv,5,walking_speed,AMBIGUOUS_REQUIRES_REVIEW,"pokrzywa_control_speed_day1,pokrzywa_2017_alpha_syn_flytracker,human_alpha_synuclein,transgenic_control,w; +; UAS-Hsap/+,female,1,FlyTracker locomotion tracking in vials,walking_speed,mean,6.0,mm/s,SE,,3-10 independent vials; 10 flies per v",NONE_UNTIL_REVIEW,walking_speed is not a canonical endpoint,AMBIGUOUS_REQUIRES_REVIEW
datasets/literature_phenotypes/phenotype_records.csv,6,walking_speed,AMBIGUOUS_REQUIRES_REVIEW,"pokrzywa_control_speed_day21,pokrzywa_2017_alpha_syn_flytracker,human_alpha_synuclein,transgenic_control,w; +; UAS-Hsap/+,female,21,FlyTracker locomotion tracking in vials,walking_speed,mean,5.0,mm/s,SE,,3-10 independent vials; 10 flies per",NONE_UNTIL_REVIEW,walking_speed is not a canonical endpoint,AMBIGUOUS_REQUIRES_REVIEW
docs/analysis_protocol.md,36,walking_speed,AMBIGUOUS_REQUIRES_REVIEW,"| `walking_speed_mm_s` | Scalar metric do runner ghi; không tự đổi median thành mean | Có điều kiện khi statistic, assay và target tương thích | Có |",NONE_UNTIL_REVIEW,walking_speed is not a canonical endpoint,AMBIGUOUS_REQUIRES_REVIEW
docs/baseline/gate_11_healthy_baseline_report.md,49,walking_speed,AMBIGUOUS_REQUIRES_REVIEW,| `walking_speed_max_mm_s` | 6 | 33.52460532987854 | 6.2849027727605105 | 2.565800812711071 |,NONE_UNTIL_REVIEW,walking_speed is not a canonical endpoint,AMBIGUOUS_REQUIRES_REVIEW
docs/baseline/gate_11_healthy_baseline_report.md,50,walking_speed,AMBIGUOUS_REQUIRES_REVIEW,| `walking_speed_mm_s` | 6 | 3.0548045197540716 | 0.2353069658831898 | 0.09606366655605078 |,NONE_UNTIL_REVIEW,walking_speed is not a canonical endpoint,AMBIGUOUS_REQUIRES_REVIEW
docs/baseline/gate_11_healthy_baseline_report.md,61,walking_speed,AMBIGUOUS_REQUIRES_REVIEW,- Raw runtime metric: `walking_speed_mm_s`.,NONE_UNTIL_REVIEW,walking_speed is not a canonical endpoint,AMBIGUOUS_REQUIRES_REVIEW
docs/baseline/gate_11_healthy_baseline_report.md,64,walking_speed,AMBIGUOUS_REQUIRES_REVIEW,Reason: Derived directly from the planar thorax trajectory using the repository canonical formula. The raw walking_speed_mm_s is mean instantaneous path speed and is retained separately.,NONE_UNTIL_REVIEW,walking_speed is not a canonical endpoint,AMBIGUOUS_REQUIRES_REVIEW
docs/disease_mapping_execution.md,43,walking_speed,AMBIGUOUS_REQUIRES_REVIEW,Delta trung bình theo ba seed của walking_speed_mm_s là khoảng -0.034663,NONE_UNTIL_REVIEW,walking_speed is not a canonical endpoint,AMBIGUOUS_REQUIRES_REVIEW
docs/research_design/parkinson_in_silico_research_synthesis_vi.md,1213,walking_speed,LEGACY_ALIAS_UNPROVEN,- audit khác biệt giữa `walking_speed` và `mean_planar_speed_mm_s`;,NONE_UNTIL_REVIEW,definition does not prove equivalence,LEGACY_ALIAS_UNPROVEN
docs/research_design/parkinson_in_silico_research_synthesis_vi.md,1501,walking_speed,LEGACY_ALIAS_UNPROVEN,2. Audit `walking_speed` và `mean_planar_speed_mm_s` qua mọi gate.,NONE_UNTIL_REVIEW,definition does not prove equivalence,LEGACY_ALIAS_UNPROVEN
experiments/gate_11_healthy_baseline/manifests/healthy_baseline_manifest.json,38,walking_speed,AMBIGUOUS_REQUIRES_REVIEW,"""reason"": ""Derived directly from the planar thorax trajectory using the repository canonical formula. The raw walking_speed_mm_s is mean instantaneous path speed and is retained separately.""",NONE_UNTIL_REVIEW,walking_speed is not a canonical endpoint,AMBIGUOUS_REQUIRES_REVIEW
experiments/gate_11_healthy_baseline/manifests/healthy_baseline_manifest.json,91,walking_speed,AMBIGUOUS_REQUIRES_REVIEW,"""walking_speed_mm_s"": 2.8147900404746955,",NONE_UNTIL_REVIEW,walking_speed is not a canonical endpoint,AMBIGUOUS_REQUIRES_REVIEW
experiments/gate_11_healthy_baseline/manifests/healthy_baseline_manifest.json,92,walking_speed,AMBIGUOUS_REQUIRES_REVIEW,"""walking_speed_max_mm_s"": 32.2898516276488,",NONE_UNTIL_REVIEW,walking_speed is not a canonical endpoint,AMBIGUOUS_REQUIRES_REVIEW
experiments/gate_11_healthy_baseline/manifests/healthy_baseline_manifest.json,130,walking_speed,AMBIGUOUS_REQUIRES_REVIEW,"""walking_speed_mm_s"": 2.751075909819597,",NONE_UNTIL_REVIEW,walking_speed is not a canonical endpoint,AMBIGUOUS_REQUIRES_REVIEW
experiments/gate_11_healthy_baseline/manifests/healthy_baseline_manifest.json,131,walking_speed,AMBIGUOUS_REQUIRES_REVIEW,"""walking_speed_max_mm_s"": 21.376162684017224,",NONE_UNTIL_REVIEW,walking_speed is not a canonical endpoint,AMBIGUOUS_REQUIRES_REVIEW
experiments/gate_11_healthy_baseline/manifests/healthy_baseline_manifest.json,169,walking_speed,AMBIGUOUS_REQUIRES_REVIEW,"""walking_speed_mm_s"": 3.3043165130501264,",NONE_UNTIL_REVIEW,walking_speed is not a canonical endpoint,AMBIGUOUS_REQUIRES_REVIEW
experiments/gate_11_healthy_baseline/manifests/healthy_baseline_manifest.json,170,walking_speed,AMBIGUOUS_REQUIRES_REVIEW,"""walking_speed_max_mm_s"": 35.97751396720416,",NONE_UNTIL_REVIEW,walking_speed is not a canonical endpoint,AMBIGUOUS_REQUIRES_REVIEW
experiments/gate_11_healthy_baseline/manifests/healthy_baseline_manifest.json,208,walking_speed,AMBIGUOUS_REQUIRES_REVIEW,"""walking_speed_mm_s"": 3.30745541859186,",NONE_UNTIL_REVIEW,walking_speed is not a canonical endpoint,AMBIGUOUS_REQUIRES_REVIEW
experiments/gate_11_healthy_baseline/manifests/healthy_baseline_manifest.json,209,walking_speed,AMBIGUOUS_REQUIRES_REVIEW,"""walking_speed_max_mm_s"": 36.94808405829204,",NONE_UNTIL_REVIEW,walking_speed is not a canonical endpoint,AMBIGUOUS_REQUIRES_REVIEW
experiments/gate_11_healthy_baseline/manifests/healthy_baseline_manifest.json,247,walking_speed,AMBIGUOUS_REQUIRES_REVIEW,"""walking_speed_mm_s"": 3.07981684120186,",NONE_UNTIL_REVIEW,walking_speed is not a canonical endpoint,AMBIGUOUS_REQUIRES_REVIEW
experiments/gate_11_healthy_baseline/manifests/healthy_baseline_manifest.json,248,walking_speed,AMBIGUOUS_REQUIRES_REVIEW,"""walking_speed_max_mm_s"": 36.16497771132325,",NONE_UNTIL_REVIEW,walking_speed is not a canonical endpoint,AMBIGUOUS_REQUIRES_REVIEW
experiments/gate_11_healthy_baseline/manifests/healthy_baseline_manifest.json,286,walking_speed,AMBIGUOUS_REQUIRES_REVIEW,"""walking_speed_mm_s"": 3.071372395386294,",NONE_UNTIL_REVIEW,walking_speed is not a canonical endpoint,AMBIGUOUS_REQUIRES_REVIEW
experiments/gate_11_healthy_baseline/manifests/healthy_baseline_manifest.json,287,walking_speed,AMBIGUOUS_REQUIRES_REVIEW,"""walking_speed_max_mm_s"": 38.39104193078577,",NONE_UNTIL_REVIEW,walking_speed is not a canonical endpoint,AMBIGUOUS_REQUIRES_REVIEW
experiments/gate_11_healthy_baseline/results/healthy_baseline_metrics.csv,1,walking_speed,LEGACY_ALIAS_UNPROVEN,"action_trajectory_valid,body_orientation_variance_rad2,com_velocity_mean_mm_s,contact_detected,displacement_mm,distance_traveled_mm,duration_s,frame_count,heading_variance_rad2,invalid_arrays,joint_trajectory_changes,locomotion_detected,mea",NONE_UNTIL_REVIEW,definition does not prove equivalence,LEGACY_ALIAS_UNPROVEN
experiments/gate_11_healthy_baseline/results/healthy_baseline_metrics.csv,1,walking_speed,LEGACY_ALIAS_UNPROVEN,"action_trajectory_valid,body_orientation_variance_rad2,com_velocity_mean_mm_s,contact_detected,displacement_mm,distance_traveled_mm,duration_s,frame_count,heading_variance_rad2,invalid_arrays,joint_trajectory_changes,locomotion_detected,mea",NONE_UNTIL_REVIEW,definition does not prove equivalence,LEGACY_ALIAS_UNPROVEN
experiments/gate_11_healthy_baseline/results/healthy_baseline_metrics.json,44,walking_speed,AMBIGUOUS_REQUIRES_REVIEW,"""walking_speed_mm_s"": 2.8147900404746955,",NONE_UNTIL_REVIEW,walking_speed is not a canonical endpoint,AMBIGUOUS_REQUIRES_REVIEW
experiments/gate_11_healthy_baseline/results/healthy_baseline_metrics.json,45,walking_speed,AMBIGUOUS_REQUIRES_REVIEW,"""walking_speed_max_mm_s"": 32.2898516276488,",NONE_UNTIL_REVIEW,walking_speed is not a canonical endpoint,AMBIGUOUS_REQUIRES_REVIEW
experiments/gate_11_healthy_baseline/results/healthy_baseline_metrics.json,83,walking_speed,AMBIGUOUS_REQUIRES_REVIEW,"""walking_speed_mm_s"": 2.751075909819597,",NONE_UNTIL_REVIEW,walking_speed is not a canonical endpoint,AMBIGUOUS_REQUIRES_REVIEW
experiments/gate_11_healthy_baseline/results/healthy_baseline_metrics.json,84,walking_speed,AMBIGUOUS_REQUIRES_REVIEW,"""walking_speed_max_mm_s"": 21.376162684017224,",NONE_UNTIL_REVIEW,walking_speed is not a canonical endpoint,AMBIGUOUS_REQUIRES_REVIEW
experiments/gate_11_healthy_baseline/results/healthy_baseline_metrics.json,122,walking_speed,AMBIGUOUS_REQUIRES_REVIEW,"""walking_speed_mm_s"": 3.3043165130501264,",NONE_UNTIL_REVIEW,walking_speed is not a canonical endpoint,AMBIGUOUS_REQUIRES_REVIEW
experiments/gate_11_healthy_baseline/results/healthy_baseline_metrics.json,123,walking_speed,AMBIGUOUS_REQUIRES_REVIEW,"""walking_speed_max_mm_s"": 35.97751396720416,",NONE_UNTIL_REVIEW,walking_speed is not a canonical endpoint,AMBIGUOUS_REQUIRES_REVIEW
experiments/gate_11_healthy_baseline/results/healthy_baseline_metrics.json,161,walking_speed,AMBIGUOUS_REQUIRES_REVIEW,"""walking_speed_mm_s"": 3.30745541859186,",NONE_UNTIL_REVIEW,walking_speed is not a canonical endpoint,AMBIGUOUS_REQUIRES_REVIEW
experiments/gate_11_healthy_baseline/results/healthy_baseline_metrics.json,162,walking_speed,AMBIGUOUS_REQUIRES_REVIEW,"""walking_speed_max_mm_s"": 36.94808405829204,",NONE_UNTIL_REVIEW,walking_speed is not a canonical endpoint,AMBIGUOUS_REQUIRES_REVIEW
experiments/gate_11_healthy_baseline/results/healthy_baseline_metrics.json,200,walking_speed,AMBIGUOUS_REQUIRES_REVIEW,"""walking_speed_mm_s"": 3.07981684120186,",NONE_UNTIL_REVIEW,walking_speed is not a canonical endpoint,AMBIGUOUS_REQUIRES_REVIEW
experiments/gate_11_healthy_baseline/results/healthy_baseline_metrics.json,201,walking_speed,AMBIGUOUS_REQUIRES_REVIEW,"""walking_speed_max_mm_s"": 36.16497771132325,",NONE_UNTIL_REVIEW,walking_speed is not a canonical endpoint,AMBIGUOUS_REQUIRES_REVIEW
experiments/gate_11_healthy_baseline/results/healthy_baseline_metrics.json,239,walking_speed,AMBIGUOUS_REQUIRES_REVIEW,"""walking_speed_mm_s"": 3.071372395386294,",NONE_UNTIL_REVIEW,walking_speed is not a canonical endpoint,AMBIGUOUS_REQUIRES_REVIEW
experiments/gate_11_healthy_baseline/results/healthy_baseline_metrics.json,240,walking_speed,AMBIGUOUS_REQUIRES_REVIEW,"""walking_speed_max_mm_s"": 38.39104193078577,",NONE_UNTIL_REVIEW,walking_speed is not a canonical endpoint,AMBIGUOUS_REQUIRES_REVIEW
experiments/gate_11_healthy_baseline/results/healthy_baseline_metrics.json,341,walking_speed,AMBIGUOUS_REQUIRES_REVIEW,"""walking_speed_max_mm_s"": {",NONE_UNTIL_REVIEW,walking_speed is not a canonical endpoint,AMBIGUOUS_REQUIRES_REVIEW
experiments/gate_11_healthy_baseline/results/healthy_baseline_metrics.json,347,walking_speed,AMBIGUOUS_REQUIRES_REVIEW,"""walking_speed_mm_s"": {",NONE_UNTIL_REVIEW,walking_speed is not a canonical endpoint,AMBIGUOUS_REQUIRES_REVIEW
experiments/gate_11_healthy_baseline/results/healthy_baseline_metrics.json,372,walking_speed,AMBIGUOUS_REQUIRES_REVIEW,"""reason"": ""Derived directly from the planar thorax trajectory using the repository canonical formula. The raw walking_speed_mm_s is mean instantaneous path speed and is retained separately.""",NONE_UNTIL_REVIEW,walking_speed is not a canonical endpoint,AMBIGUOUS_REQUIRES_REVIEW
experiments/gate_12_disease_rollouts/manifests/disease_rollout_manifest.json,57,walking_speed,AMBIGUOUS_REQUIRES_REVIEW,"""walking_speed_mm_s_raw"": """",",NONE_UNTIL_REVIEW,walking_speed is not a canonical endpoint,AMBIGUOUS_REQUIRES_REVIEW
experiments/gate_12_disease_rollouts/manifests/disease_rollout_manifest.json,80,walking_speed,AMBIGUOUS_REQUIRES_REVIEW,"""walking_speed_mm_s_raw"": """",",NONE_UNTIL_REVIEW,walking_speed is not a canonical endpoint,AMBIGUOUS_REQUIRES_REVIEW
experiments/gate_12_disease_rollouts/manifests/disease_rollout_manifest.json,103,walking_speed,AMBIGUOUS_REQUIRES_REVIEW,"""walking_speed_mm_s_raw"": """",",NONE_UNTIL_REVIEW,walking_speed is not a canonical endpoint,AMBIGUOUS_REQUIRES_REVIEW
experiments/gate_12_disease_rollouts/manifests/disease_rollout_manifest.json,126,walking_speed,AMBIGUOUS_REQUIRES_REVIEW,"""walking_speed_mm_s_raw"": """",",NONE_UNTIL_REVIEW,walking_speed is not a canonical endpoint,AMBIGUOUS_REQUIRES_REVIEW
experiments/gate_12_disease_rollouts/manifests/disease_rollout_manifest.json,149,walking_speed,AMBIGUOUS_REQUIRES_REVIEW,"""walking_speed_mm_s_raw"": """",",NONE_UNTIL_REVIEW,walking_speed is not a canonical endpoint,AMBIGUOUS_REQUIRES_REVIEW
experiments/gate_12_disease_rollouts/manifests/disease_rollout_manifest.json,172,walking_speed,AMBIGUOUS_REQUIRES_REVIEW,"""walking_speed_mm_s_raw"": """",",NONE_UNTIL_REVIEW,walking_speed is not a canonical endpoint,AMBIGUOUS_REQUIRES_REVIEW
experiments/gate_12_disease_rollouts/manifests/disease_rollout_manifest.json,207,walking_speed,AMBIGUOUS_REQUIRES_REVIEW,"""walking_speed_mm_s_raw"": """",",NONE_UNTIL_REVIEW,walking_speed is not a canonical endpoint,AMBIGUOUS_REQUIRES_REVIEW
experiments/gate_12_disease_rollouts/manifests/disease_rollout_manifest.json,230,walking_speed,AMBIGUOUS_REQUIRES_REVIEW,"""walking_speed_mm_s_raw"": """",",NONE_UNTIL_REVIEW,walking_speed is not a canonical endpoint,AMBIGUOUS_REQUIRES_REVIEW
experiments/gate_12_disease_rollouts/manifests/disease_rollout_manifest.json,253,walking_speed,AMBIGUOUS_REQUIRES_REVIEW,"""walking_speed_mm_s_raw"": """",",NONE_UNTIL_REVIEW,walking_speed is not a canonical endpoint,AMBIGUOUS_REQUIRES_REVIEW
experiments/gate_12_disease_rollouts/manifests/disease_rollout_manifest.json,276,walking_speed,AMBIGUOUS_REQUIRES_REVIEW,"""walking_speed_mm_s_raw"": """",",NONE_UNTIL_REVIEW,walking_speed is not a canonical endpoint,AMBIGUOUS_REQUIRES_REVIEW
experiments/gate_12_disease_rollouts/manifests/disease_rollout_manifest.json,299,walking_speed,AMBIGUOUS_REQUIRES_REVIEW,"""walking_speed_mm_s_raw"": """",",NONE_UNTIL_REVIEW,walking_speed is not a canonical endpoint,AMBIGUOUS_REQUIRES_REVIEW
experiments/gate_12_disease_rollouts/manifests/disease_rollout_manifest.json,322,walking_speed,AMBIGUOUS_REQUIRES_REVIEW,"""walking_speed_mm_s_raw"": """",",NONE_UNTIL_REVIEW,walking_speed is not a canonical endpoint,AMBIGUOUS_REQUIRES_REVIEW
experiments/gate_12_disease_rollouts/manifests/disease_rollout_manifest.json,357,walking_speed,AMBIGUOUS_REQUIRES_REVIEW,"""walking_speed_mm_s_raw"": """",",NONE_UNTIL_REVIEW,walking_speed is not a canonical endpoint,AMBIGUOUS_REQUIRES_REVIEW
experiments/gate_12_disease_rollouts/manifests/disease_rollout_manifest.json,380,walking_speed,AMBIGUOUS_REQUIRES_REVIEW,"""walking_speed_mm_s_raw"": """",",NONE_UNTIL_REVIEW,walking_speed is not a canonical endpoint,AMBIGUOUS_REQUIRES_REVIEW
experiments/gate_12_disease_rollouts/manifests/disease_rollout_manifest.json,403,walking_speed,AMBIGUOUS_REQUIRES_REVIEW,"""walking_speed_mm_s_raw"": """",",NONE_UNTIL_REVIEW,walking_speed is not a canonical endpoint,AMBIGUOUS_REQUIRES_REVIEW
experiments/gate_12_disease_rollouts/manifests/disease_rollout_manifest.json,426,walking_speed,AMBIGUOUS_REQUIRES_REVIEW,"""walking_speed_mm_s_raw"": """",",NONE_UNTIL_REVIEW,walking_speed is not a canonical endpoint,AMBIGUOUS_REQUIRES_REVIEW
experiments/gate_12_disease_rollouts/manifests/disease_rollout_manifest.json,449,walking_speed,AMBIGUOUS_REQUIRES_REVIEW,"""walking_speed_mm_s_raw"": """",",NONE_UNTIL_REVIEW,walking_speed is not a canonical endpoint,AMBIGUOUS_REQUIRES_REVIEW
experiments/gate_12_disease_rollouts/manifests/disease_rollout_manifest.json,472,walking_speed,AMBIGUOUS_REQUIRES_REVIEW,"""walking_speed_mm_s_raw"": """",",NONE_UNTIL_REVIEW,walking_speed is not a canonical endpoint,AMBIGUOUS_REQUIRES_REVIEW
experiments/gate_12_disease_rollouts/manifests/disease_rollout_manifest.json,507,walking_speed,AMBIGUOUS_REQUIRES_REVIEW,"""walking_speed_mm_s_raw"": """",",NONE_UNTIL_REVIEW,walking_speed is not a canonical endpoint,AMBIGUOUS_REQUIRES_REVIEW
experiments/gate_12_disease_rollouts/manifests/disease_rollout_manifest.json,530,walking_speed,AMBIGUOUS_REQUIRES_REVIEW,"""walking_speed_mm_s_raw"": """",",NONE_UNTIL_REVIEW,walking_speed is not a canonical endpoint,AMBIGUOUS_REQUIRES_REVIEW
experiments/gate_12_disease_rollouts/manifests/disease_rollout_manifest.json,553,walking_speed,AMBIGUOUS_REQUIRES_REVIEW,"""walking_speed_mm_s_raw"": """",",NONE_UNTIL_REVIEW,walking_speed is not a canonical endpoint,AMBIGUOUS_REQUIRES_REVIEW
experiments/gate_12_disease_rollouts/manifests/disease_rollout_manifest.json,576,walking_speed,AMBIGUOUS_REQUIRES_REVIEW,"""walking_speed_mm_s_raw"": """",",NONE_UNTIL_REVIEW,walking_speed is not a canonical endpoint,AMBIGUOUS_REQUIRES_REVIEW
experiments/gate_12_disease_rollouts/manifests/disease_rollout_manifest.json,599,walking_speed,AMBIGUOUS_REQUIRES_REVIEW,"""walking_speed_mm_s_raw"": """",",NONE_UNTIL_REVIEW,walking_speed is not a canonical endpoint,AMBIGUOUS_REQUIRES_REVIEW
experiments/gate_12_disease_rollouts/manifests/disease_rollout_manifest.json,622,walking_speed,AMBIGUOUS_REQUIRES_REVIEW,"""walking_speed_mm_s_raw"": """",",NONE_UNTIL_REVIEW,walking_speed is not a canonical endpoint,AMBIGUOUS_REQUIRES_REVIEW
experiments/gate_12_disease_rollouts/manifests/disease_rollout_manifest.json,657,walking_speed,AMBIGUOUS_REQUIRES_REVIEW,"""walking_speed_mm_s_raw"": """",",NONE_UNTIL_REVIEW,walking_speed is not a canonical endpoint,AMBIGUOUS_REQUIRES_REVIEW
experiments/gate_12_disease_rollouts/manifests/disease_rollout_manifest.json,680,walking_speed,AMBIGUOUS_REQUIRES_REVIEW,"""walking_speed_mm_s_raw"": """",",NONE_UNTIL_REVIEW,walking_speed is not a canonical endpoint,AMBIGUOUS_REQUIRES_REVIEW
experiments/gate_12_disease_rollouts/manifests/disease_rollout_manifest.json,703,walking_speed,AMBIGUOUS_REQUIRES_REVIEW,"""walking_speed_mm_s_raw"": """",",NONE_UNTIL_REVIEW,walking_speed is not a canonical endpoint,AMBIGUOUS_REQUIRES_REVIEW
experiments/gate_12_disease_rollouts/manifests/disease_rollout_manifest.json,726,walking_speed,AMBIGUOUS_REQUIRES_REVIEW,"""walking_speed_mm_s_raw"": """",",NONE_UNTIL_REVIEW,walking_speed is not a canonical endpoint,AMBIGUOUS_REQUIRES_REVIEW
experiments/gate_12_disease_rollouts/manifests/disease_rollout_manifest.json,749,walking_speed,AMBIGUOUS_REQUIRES_REVIEW,"""walking_speed_mm_s_raw"": """",",NONE_UNTIL_REVIEW,walking_speed is not a canonical endpoint,AMBIGUOUS_REQUIRES_REVIEW
experiments/gate_12_disease_rollouts/manifests/disease_rollout_manifest.json,772,walking_speed,AMBIGUOUS_REQUIRES_REVIEW,"""walking_speed_mm_s_raw"": """",",NONE_UNTIL_REVIEW,walking_speed is not a canonical endpoint,AMBIGUOUS_REQUIRES_REVIEW
experiments/gate_12_disease_rollouts/results/disease_metrics.csv,1,walking_speed,LEGACY_ALIAS_UNPROVEN,"condition_id,seed,run_status,skip_reason,step_count,timestep_s,duration_s,mean_planar_speed_mm_s,distance_traveled_mm,displacement_mm,walking_speed_mm_s_raw,total_distance_mm_raw,thorax_displacement_mm_raw,no_nan,no_inf,locomotion_detected,",NONE_UNTIL_REVIEW,definition does not prove equivalence,LEGACY_ALIAS_UNPROVEN
experiments/gate_12_disease_rollouts/results/disease_metrics.json,33,walking_speed,AMBIGUOUS_REQUIRES_REVIEW,"""walking_speed_mm_s_raw"": """",",NONE_UNTIL_REVIEW,walking_speed is not a canonical endpoint,AMBIGUOUS_REQUIRES_REVIEW
experiments/gate_12_disease_rollouts/results/disease_metrics.json,56,walking_speed,AMBIGUOUS_REQUIRES_REVIEW,"""walking_speed_mm_s_raw"": """",",NONE_UNTIL_REVIEW,walking_speed is not a canonical endpoint,AMBIGUOUS_REQUIRES_REVIEW
experiments/gate_12_disease_rollouts/results/disease_metrics.json,79,walking_speed,AMBIGUOUS_REQUIRES_REVIEW,"""walking_speed_mm_s_raw"": """",",NONE_UNTIL_REVIEW,walking_speed is not a canonical endpoint,AMBIGUOUS_REQUIRES_REVIEW
experiments/gate_12_disease_rollouts/results/disease_metrics.json,102,walking_speed,AMBIGUOUS_REQUIRES_REVIEW,"""walking_speed_mm_s_raw"": """",",NONE_UNTIL_REVIEW,walking_speed is not a canonical endpoint,AMBIGUOUS_REQUIRES_REVIEW
experiments/gate_12_disease_rollouts/results/disease_metrics.json,125,walking_speed,AMBIGUOUS_REQUIRES_REVIEW,"""walking_speed_mm_s_raw"": """",",NONE_UNTIL_REVIEW,walking_speed is not a canonical endpoint,AMBIGUOUS_REQUIRES_REVIEW
experiments/gate_12_disease_rollouts/results/disease_metrics.json,148,walking_speed,AMBIGUOUS_REQUIRES_REVIEW,"""walking_speed_mm_s_raw"": """",",NONE_UNTIL_REVIEW,walking_speed is not a canonical endpoint,AMBIGUOUS_REQUIRES_REVIEW
experiments/gate_12_disease_rollouts/results/disease_metrics.json,171,walking_speed,AMBIGUOUS_REQUIRES_REVIEW,"""walking_speed_mm_s_raw"": """",",NONE_UNTIL_REVIEW,walking_speed is not a canonical endpoint,AMBIGUOUS_REQUIRES_REVIEW
experiments/gate_12_disease_rollouts/results/disease_metrics.json,194,walking_speed,AMBIGUOUS_REQUIRES_REVIEW,"""walking_speed_mm_s_raw"": """",",NONE_UNTIL_REVIEW,walking_speed is not a canonical endpoint,AMBIGUOUS_REQUIRES_REVIEW
experiments/gate_12_disease_rollouts/results/disease_metrics.json,217,walking_speed,AMBIGUOUS_REQUIRES_REVIEW,"""walking_speed_mm_s_raw"": """",",NONE_UNTIL_REVIEW,walking_speed is not a canonical endpoint,AMBIGUOUS_REQUIRES_REVIEW
experiments/gate_12_disease_rollouts/results/disease_metrics.json,240,walking_speed,AMBIGUOUS_REQUIRES_REVIEW,"""walking_speed_mm_s_raw"": """",",NONE_UNTIL_REVIEW,walking_speed is not a canonical endpoint,AMBIGUOUS_REQUIRES_REVIEW
experiments/gate_12_disease_rollouts/results/disease_metrics.json,263,walking_speed,AMBIGUOUS_REQUIRES_REVIEW,"""walking_speed_mm_s_raw"": """",",NONE_UNTIL_REVIEW,walking_speed is not a canonical endpoint,AMBIGUOUS_REQUIRES_REVIEW
experiments/gate_12_disease_rollouts/results/disease_metrics.json,286,walking_speed,AMBIGUOUS_REQUIRES_REVIEW,"""walking_speed_mm_s_raw"": """",",NONE_UNTIL_REVIEW,walking_speed is not a canonical endpoint,AMBIGUOUS_REQUIRES_REVIEW
experiments/gate_12_disease_rollouts/results/disease_metrics.json,309,walking_speed,AMBIGUOUS_REQUIRES_REVIEW,"""walking_speed_mm_s_raw"": """",",NONE_UNTIL_REVIEW,walking_speed is not a canonical endpoint,AMBIGUOUS_REQUIRES_REVIEW
experiments/gate_12_disease_rollouts/results/disease_metrics.json,332,walking_speed,AMBIGUOUS_REQUIRES_REVIEW,"""walking_speed_mm_s_raw"": """",",NONE_UNTIL_REVIEW,walking_speed is not a canonical endpoint,AMBIGUOUS_REQUIRES_REVIEW
experiments/gate_12_disease_rollouts/results/disease_metrics.json,355,walking_speed,AMBIGUOUS_REQUIRES_REVIEW,"""walking_speed_mm_s_raw"": """",",NONE_UNTIL_REVIEW,walking_speed is not a canonical endpoint,AMBIGUOUS_REQUIRES_REVIEW
experiments/gate_12_disease_rollouts/results/disease_metrics.json,378,walking_speed,AMBIGUOUS_REQUIRES_REVIEW,"""walking_speed_mm_s_raw"": """",",NONE_UNTIL_REVIEW,walking_speed is not a canonical endpoint,AMBIGUOUS_REQUIRES_REVIEW
experiments/gate_12_disease_rollouts/results/disease_metrics.json,401,walking_speed,AMBIGUOUS_REQUIRES_REVIEW,"""walking_speed_mm_s_raw"": """",",NONE_UNTIL_REVIEW,walking_speed is not a canonical endpoint,AMBIGUOUS_REQUIRES_REVIEW
experiments/gate_12_disease_rollouts/results/disease_metrics.json,424,walking_speed,AMBIGUOUS_REQUIRES_REVIEW,"""walking_speed_mm_s_raw"": """",",NONE_UNTIL_REVIEW,walking_speed is not a canonical endpoint,AMBIGUOUS_REQUIRES_REVIEW
experiments/gate_12_disease_rollouts/results/disease_metrics.json,447,walking_speed,AMBIGUOUS_REQUIRES_REVIEW,"""walking_speed_mm_s_raw"": """",",NONE_UNTIL_REVIEW,walking_speed is not a canonical endpoint,AMBIGUOUS_REQUIRES_REVIEW
experiments/gate_12_disease_rollouts/results/disease_metrics.json,470,walking_speed,AMBIGUOUS_REQUIRES_REVIEW,"""walking_speed_mm_s_raw"": """",",NONE_UNTIL_REVIEW,walking_speed is not a canonical endpoint,AMBIGUOUS_REQUIRES_REVIEW
experiments/gate_12_disease_rollouts/results/disease_metrics.json,493,walking_speed,AMBIGUOUS_REQUIRES_REVIEW,"""walking_speed_mm_s_raw"": """",",NONE_UNTIL_REVIEW,walking_speed is not a canonical endpoint,AMBIGUOUS_REQUIRES_REVIEW
experiments/gate_12_disease_rollouts/results/disease_metrics.json,516,walking_speed,AMBIGUOUS_REQUIRES_REVIEW,"""walking_speed_mm_s_raw"": """",",NONE_UNTIL_REVIEW,walking_speed is not a canonical endpoint,AMBIGUOUS_REQUIRES_REVIEW
experiments/gate_12_disease_rollouts/results/disease_metrics.json,539,walking_speed,AMBIGUOUS_REQUIRES_REVIEW,"""walking_speed_mm_s_raw"": """",",NONE_UNTIL_REVIEW,walking_speed is not a canonical endpoint,AMBIGUOUS_REQUIRES_REVIEW
experiments/gate_12_disease_rollouts/results/disease_metrics.json,562,walking_speed,AMBIGUOUS_REQUIRES_REVIEW,"""walking_speed_mm_s_raw"": """",",NONE_UNTIL_REVIEW,walking_speed is not a canonical endpoint,AMBIGUOUS_REQUIRES_REVIEW
experiments/gate_12_disease_rollouts/results/disease_metrics.json,585,walking_speed,AMBIGUOUS_REQUIRES_REVIEW,"""walking_speed_mm_s_raw"": """",",NONE_UNTIL_REVIEW,walking_speed is not a canonical endpoint,AMBIGUOUS_REQUIRES_REVIEW
experiments/gate_12_disease_rollouts/results/disease_metrics.json,608,walking_speed,AMBIGUOUS_REQUIRES_REVIEW,"""walking_speed_mm_s_raw"": """",",NONE_UNTIL_REVIEW,walking_speed is not a canonical endpoint,AMBIGUOUS_REQUIRES_REVIEW
experiments/gate_12_disease_rollouts/results/disease_metrics.json,631,walking_speed,AMBIGUOUS_REQUIRES_REVIEW,"""walking_speed_mm_s_raw"": """",",NONE_UNTIL_REVIEW,walking_speed is not a canonical endpoint,AMBIGUOUS_REQUIRES_REVIEW
experiments/gate_12_disease_rollouts/results/disease_metrics.json,654,walking_speed,AMBIGUOUS_REQUIRES_REVIEW,"""walking_speed_mm_s_raw"": """",",NONE_UNTIL_REVIEW,walking_speed is not a canonical endpoint,AMBIGUOUS_REQUIRES_REVIEW
experiments/gate_12_disease_rollouts/results/disease_metrics.json,677,walking_speed,AMBIGUOUS_REQUIRES_REVIEW,"""walking_speed_mm_s_raw"": """",",NONE_UNTIL_REVIEW,walking_speed is not a canonical endpoint,AMBIGUOUS_REQUIRES_REVIEW
experiments/gate_12_disease_rollouts/results/disease_metrics.json,700,walking_speed,AMBIGUOUS_REQUIRES_REVIEW,"""walking_speed_mm_s_raw"": """",",NONE_UNTIL_REVIEW,walking_speed is not a canonical endpoint,AMBIGUOUS_REQUIRES_REVIEW
experiments/gate_12_disease_rollouts/results/disease_metrics.json,735,walking_speed,AMBIGUOUS_REQUIRES_REVIEW,"""walking_speed_mm_s_raw"": """",",NONE_UNTIL_REVIEW,walking_speed is not a canonical endpoint,AMBIGUOUS_REQUIRES_REVIEW
experiments/gate_12_disease_rollouts/results/disease_metrics.json,758,walking_speed,AMBIGUOUS_REQUIRES_REVIEW,"""walking_speed_mm_s_raw"": """",",NONE_UNTIL_REVIEW,walking_speed is not a canonical endpoint,AMBIGUOUS_REQUIRES_REVIEW
experiments/gate_12_disease_rollouts/results/disease_metrics.json,781,walking_speed,AMBIGUOUS_REQUIRES_REVIEW,"""walking_speed_mm_s_raw"": """",",NONE_UNTIL_REVIEW,walking_speed is not a canonical endpoint,AMBIGUOUS_REQUIRES_REVIEW
experiments/gate_12_disease_rollouts/results/disease_metrics.json,804,walking_speed,AMBIGUOUS_REQUIRES_REVIEW,"""walking_speed_mm_s_raw"": """",",NONE_UNTIL_REVIEW,walking_speed is not a canonical endpoint,AMBIGUOUS_REQUIRES_REVIEW
experiments/gate_12_disease_rollouts/results/disease_metrics.json,827,walking_speed,AMBIGUOUS_REQUIRES_REVIEW,"""walking_speed_mm_s_raw"": """",",NONE_UNTIL_REVIEW,walking_speed is not a canonical endpoint,AMBIGUOUS_REQUIRES_REVIEW
experiments/gate_12_disease_rollouts/results/disease_metrics.json,850,walking_speed,AMBIGUOUS_REQUIRES_REVIEW,"""walking_speed_mm_s_raw"": """",",NONE_UNTIL_REVIEW,walking_speed is not a canonical endpoint,AMBIGUOUS_REQUIRES_REVIEW
experiments/gate_12_disease_rollouts/results/disease_metrics.json,885,walking_speed,AMBIGUOUS_REQUIRES_REVIEW,"""walking_speed_mm_s_raw"": """",",NONE_UNTIL_REVIEW,walking_speed is not a canonical endpoint,AMBIGUOUS_REQUIRES_REVIEW
experiments/gate_12_disease_rollouts/results/disease_metrics.json,908,walking_speed,AMBIGUOUS_REQUIRES_REVIEW,"""walking_speed_mm_s_raw"": """",",NONE_UNTIL_REVIEW,walking_speed is not a canonical endpoint,AMBIGUOUS_REQUIRES_REVIEW
experiments/gate_12_disease_rollouts/results/disease_metrics.json,931,walking_speed,AMBIGUOUS_REQUIRES_REVIEW,"""walking_speed_mm_s_raw"": """",",NONE_UNTIL_REVIEW,walking_speed is not a canonical endpoint,AMBIGUOUS_REQUIRES_REVIEW
experiments/gate_12_disease_rollouts/results/disease_metrics.json,954,walking_speed,AMBIGUOUS_REQUIRES_REVIEW,"""walking_speed_mm_s_raw"": """",",NONE_UNTIL_REVIEW,walking_speed is not a canonical endpoint,AMBIGUOUS_REQUIRES_REVIEW
experiments/gate_12_disease_rollouts/results/disease_metrics.json,977,walking_speed,AMBIGUOUS_REQUIRES_REVIEW,"""walking_speed_mm_s_raw"": """",",NONE_UNTIL_REVIEW,walking_speed is not a canonical endpoint,AMBIGUOUS_REQUIRES_REVIEW
experiments/gate_12_disease_rollouts/results/disease_metrics.json,1000,walking_speed,AMBIGUOUS_REQUIRES_REVIEW,"""walking_speed_mm_s_raw"": """",",NONE_UNTIL_REVIEW,walking_speed is not a canonical endpoint,AMBIGUOUS_REQUIRES_REVIEW
experiments/gate_12_disease_rollouts/results/disease_metrics.json,1035,walking_speed,AMBIGUOUS_REQUIRES_REVIEW,"""walking_speed_mm_s_raw"": """",",NONE_UNTIL_REVIEW,walking_speed is not a canonical endpoint,AMBIGUOUS_REQUIRES_REVIEW
experiments/gate_12_disease_rollouts/results/disease_metrics.json,1058,walking_speed,AMBIGUOUS_REQUIRES_REVIEW,"""walking_speed_mm_s_raw"": """",",NONE_UNTIL_REVIEW,walking_speed is not a canonical endpoint,AMBIGUOUS_REQUIRES_REVIEW
experiments/gate_12_disease_rollouts/results/disease_metrics.json,1081,walking_speed,AMBIGUOUS_REQUIRES_REVIEW,"""walking_speed_mm_s_raw"": """",",NONE_UNTIL_REVIEW,walking_speed is not a canonical endpoint,AMBIGUOUS_REQUIRES_REVIEW
experiments/gate_12_disease_rollouts/results/disease_metrics.json,1104,walking_speed,AMBIGUOUS_REQUIRES_REVIEW,"""walking_speed_mm_s_raw"": """",",NONE_UNTIL_REVIEW,walking_speed is not a canonical endpoint,AMBIGUOUS_REQUIRES_REVIEW
experiments/gate_12_disease_rollouts/results/disease_metrics.json,1127,walking_speed,AMBIGUOUS_REQUIRES_REVIEW,"""walking_speed_mm_s_raw"": """",",NONE_UNTIL_REVIEW,walking_speed is not a canonical endpoint,AMBIGUOUS_REQUIRES_REVIEW
experiments/gate_12_disease_rollouts/results/disease_metrics.json,1150,walking_speed,AMBIGUOUS_REQUIRES_REVIEW,"""walking_speed_mm_s_raw"": """",",NONE_UNTIL_REVIEW,walking_speed is not a canonical endpoint,AMBIGUOUS_REQUIRES_REVIEW
experiments/gate_12_disease_rollouts/results/disease_metrics.json,1185,walking_speed,AMBIGUOUS_REQUIRES_REVIEW,"""walking_speed_mm_s_raw"": """",",NONE_UNTIL_REVIEW,walking_speed is not a canonical endpoint,AMBIGUOUS_REQUIRES_REVIEW
experiments/gate_12_disease_rollouts/results/disease_metrics.json,1208,walking_speed,AMBIGUOUS_REQUIRES_REVIEW,"""walking_speed_mm_s_raw"": """",",NONE_UNTIL_REVIEW,walking_speed is not a canonical endpoint,AMBIGUOUS_REQUIRES_REVIEW
experiments/gate_12_disease_rollouts/results/disease_metrics.json,1231,walking_speed,AMBIGUOUS_REQUIRES_REVIEW,"""walking_speed_mm_s_raw"": """",",NONE_UNTIL_REVIEW,walking_speed is not a canonical endpoint,AMBIGUOUS_REQUIRES_REVIEW
experiments/gate_12_disease_rollouts/results/disease_metrics.json,1254,walking_speed,AMBIGUOUS_REQUIRES_REVIEW,"""walking_speed_mm_s_raw"": """",",NONE_UNTIL_REVIEW,walking_speed is not a canonical endpoint,AMBIGUOUS_REQUIRES_REVIEW
experiments/gate_12_disease_rollouts/results/disease_metrics.json,1277,walking_speed,AMBIGUOUS_REQUIRES_REVIEW,"""walking_speed_mm_s_raw"": """",",NONE_UNTIL_REVIEW,walking_speed is not a canonical endpoint,AMBIGUOUS_REQUIRES_REVIEW
experiments/gate_12_disease_rollouts/results/disease_metrics.json,1300,walking_speed,AMBIGUOUS_REQUIRES_REVIEW,"""walking_speed_mm_s_raw"": """",",NONE_UNTIL_REVIEW,walking_speed is not a canonical endpoint,AMBIGUOUS_REQUIRES_REVIEW
experiments/gate_12_disease_rollouts/results/disease_metrics.json,1335,walking_speed,AMBIGUOUS_REQUIRES_REVIEW,"""walking_speed_mm_s_raw"": """",",NONE_UNTIL_REVIEW,walking_speed is not a canonical endpoint,AMBIGUOUS_REQUIRES_REVIEW
experiments/gate_12_disease_rollouts/results/disease_metrics.json,1358,walking_speed,AMBIGUOUS_REQUIRES_REVIEW,"""walking_speed_mm_s_raw"": """",",NONE_UNTIL_REVIEW,walking_speed is not a canonical endpoint,AMBIGUOUS_REQUIRES_REVIEW
experiments/gate_12_disease_rollouts/results/disease_metrics.json,1381,walking_speed,AMBIGUOUS_REQUIRES_REVIEW,"""walking_speed_mm_s_raw"": """",",NONE_UNTIL_REVIEW,walking_speed is not a canonical endpoint,AMBIGUOUS_REQUIRES_REVIEW
experiments/gate_12_disease_rollouts/results/disease_metrics.json,1404,walking_speed,AMBIGUOUS_REQUIRES_REVIEW,"""walking_speed_mm_s_raw"": """",",NONE_UNTIL_REVIEW,walking_speed is not a canonical endpoint,AMBIGUOUS_REQUIRES_REVIEW
experiments/gate_12_disease_rollouts/results/disease_metrics.json,1427,walking_speed,AMBIGUOUS_REQUIRES_REVIEW,"""walking_speed_mm_s_raw"": """",",NONE_UNTIL_REVIEW,walking_speed is not a canonical endpoint,AMBIGUOUS_REQUIRES_REVIEW
experiments/gate_12_disease_rollouts/results/disease_metrics.json,1450,walking_speed,AMBIGUOUS_REQUIRES_REVIEW,"""walking_speed_mm_s_raw"": """",",NONE_UNTIL_REVIEW,walking_speed is not a canonical endpoint,AMBIGUOUS_REQUIRES_REVIEW
experiments/gate_12d_proxy_rollouts/results/proxy_disease_metrics.csv,1,walking_speed,LEGACY_ALIAS_UNPROVEN,"condition_id,scope,gene_specific_mapping,burden_level,burden_label,seed,run_status,skip_reason,step_count,timestep_s,duration_s,mean_planar_speed_mm_s,distance_traveled_mm,displacement_mm,walking_speed_mm_s_raw,total_distance_mm_raw,thorax_",NONE_UNTIL_REVIEW,definition does not prove equivalence,LEGACY_ALIAS_UNPROVEN
experiments/gate_12d_proxy_rollouts/results/proxy_disease_metrics.json,22,walking_speed,AMBIGUOUS_REQUIRES_REVIEW,"""walking_speed_mm_s_raw"": """",",NONE_UNTIL_REVIEW,walking_speed is not a canonical endpoint,AMBIGUOUS_REQUIRES_REVIEW
experiments/gate_12d_proxy_rollouts/results/proxy_disease_metrics.json,49,walking_speed,AMBIGUOUS_REQUIRES_REVIEW,"""walking_speed_mm_s_raw"": """",",NONE_UNTIL_REVIEW,walking_speed is not a canonical endpoint,AMBIGUOUS_REQUIRES_REVIEW
experiments/gate_12d_proxy_rollouts/results/proxy_disease_metrics.json,76,walking_speed,AMBIGUOUS_REQUIRES_REVIEW,"""walking_speed_mm_s_raw"": """",",NONE_UNTIL_REVIEW,walking_speed is not a canonical endpoint,AMBIGUOUS_REQUIRES_REVIEW
experiments/gate_12d_proxy_rollouts/results/proxy_disease_metrics.json,103,walking_speed,AMBIGUOUS_REQUIRES_REVIEW,"""walking_speed_mm_s_raw"": """",",NONE_UNTIL_REVIEW,walking_speed is not a canonical endpoint,AMBIGUOUS_REQUIRES_REVIEW
experiments/gate_12d_proxy_rollouts/results/proxy_disease_metrics.json,130,walking_speed,AMBIGUOUS_REQUIRES_REVIEW,"""walking_speed_mm_s_raw"": """",",NONE_UNTIL_REVIEW,walking_speed is not a canonical endpoint,AMBIGUOUS_REQUIRES_REVIEW
experiments/gate_12d_proxy_rollouts/results/proxy_disease_metrics.json,157,walking_speed,AMBIGUOUS_REQUIRES_REVIEW,"""walking_speed_mm_s_raw"": """",",NONE_UNTIL_REVIEW,walking_speed is not a canonical endpoint,AMBIGUOUS_REQUIRES_REVIEW
experiments/gate_12d_proxy_rollouts/results/proxy_disease_metrics.json,184,walking_speed,AMBIGUOUS_REQUIRES_REVIEW,"""walking_speed_mm_s_raw"": """",",NONE_UNTIL_REVIEW,walking_speed is not a canonical endpoint,AMBIGUOUS_REQUIRES_REVIEW
experiments/gate_12d_proxy_rollouts/results/proxy_disease_metrics.json,211,walking_speed,AMBIGUOUS_REQUIRES_REVIEW,"""walking_speed_mm_s_raw"": """",",NONE_UNTIL_REVIEW,walking_speed is not a canonical endpoint,AMBIGUOUS_REQUIRES_REVIEW
experiments/gate_12d_proxy_rollouts/results/proxy_disease_metrics.json,238,walking_speed,AMBIGUOUS_REQUIRES_REVIEW,"""walking_speed_mm_s_raw"": """",",NONE_UNTIL_REVIEW,walking_speed is not a canonical endpoint,AMBIGUOUS_REQUIRES_REVIEW
experiments/gate_12d_proxy_rollouts/results/proxy_disease_metrics.json,265,walking_speed,AMBIGUOUS_REQUIRES_REVIEW,"""walking_speed_mm_s_raw"": """",",NONE_UNTIL_REVIEW,walking_speed is not a canonical endpoint,AMBIGUOUS_REQUIRES_REVIEW
experiments/gate_12d_proxy_rollouts/results/proxy_disease_metrics.json,292,walking_speed,AMBIGUOUS_REQUIRES_REVIEW,"""walking_speed_mm_s_raw"": """",",NONE_UNTIL_REVIEW,walking_speed is not a canonical endpoint,AMBIGUOUS_REQUIRES_REVIEW
experiments/gate_12d_proxy_rollouts/results/proxy_disease_metrics.json,319,walking_speed,AMBIGUOUS_REQUIRES_REVIEW,"""walking_speed_mm_s_raw"": """",",NONE_UNTIL_REVIEW,walking_speed is not a canonical endpoint,AMBIGUOUS_REQUIRES_REVIEW
experiments/gate_12d_proxy_rollouts/results/proxy_disease_metrics.json,346,walking_speed,AMBIGUOUS_REQUIRES_REVIEW,"""walking_speed_mm_s_raw"": """",",NONE_UNTIL_REVIEW,walking_speed is not a canonical endpoint,AMBIGUOUS_REQUIRES_REVIEW
experiments/gate_12d_proxy_rollouts/results/proxy_disease_metrics.json,373,walking_speed,AMBIGUOUS_REQUIRES_REVIEW,"""walking_speed_mm_s_raw"": """",",NONE_UNTIL_REVIEW,walking_speed is not a canonical endpoint,AMBIGUOUS_REQUIRES_REVIEW
experiments/gate_12d_proxy_rollouts/results/proxy_disease_metrics.json,400,walking_speed,AMBIGUOUS_REQUIRES_REVIEW,"""walking_speed_mm_s_raw"": """",",NONE_UNTIL_REVIEW,walking_speed is not a canonical endpoint,AMBIGUOUS_REQUIRES_REVIEW
experiments/gate_12d_proxy_rollouts/results/proxy_disease_metrics.json,427,walking_speed,AMBIGUOUS_REQUIRES_REVIEW,"""walking_speed_mm_s_raw"": """",",NONE_UNTIL_REVIEW,walking_speed is not a canonical endpoint,AMBIGUOUS_REQUIRES_REVIEW
experiments/gate_12d_proxy_rollouts/results/proxy_disease_metrics.json,454,walking_speed,AMBIGUOUS_REQUIRES_REVIEW,"""walking_speed_mm_s_raw"": """",",NONE_UNTIL_REVIEW,walking_speed is not a canonical endpoint,AMBIGUOUS_REQUIRES_REVIEW
experiments/gate_12d_proxy_rollouts/results/proxy_disease_metrics.json,481,walking_speed,AMBIGUOUS_REQUIRES_REVIEW,"""walking_speed_mm_s_raw"": """",",NONE_UNTIL_REVIEW,walking_speed is not a canonical endpoint,AMBIGUOUS_REQUIRES_REVIEW
experiments/gate_12d_proxy_rollouts/results/proxy_disease_metrics.json,508,walking_speed,AMBIGUOUS_REQUIRES_REVIEW,"""walking_speed_mm_s_raw"": """",",NONE_UNTIL_REVIEW,walking_speed is not a canonical endpoint,AMBIGUOUS_REQUIRES_REVIEW
experiments/gate_12d_proxy_rollouts/results/proxy_disease_metrics.json,535,walking_speed,AMBIGUOUS_REQUIRES_REVIEW,"""walking_speed_mm_s_raw"": """",",NONE_UNTIL_REVIEW,walking_speed is not a canonical endpoint,AMBIGUOUS_REQUIRES_REVIEW
experiments/gate_12d_proxy_rollouts/results/proxy_disease_metrics.json,562,walking_speed,AMBIGUOUS_REQUIRES_REVIEW,"""walking_speed_mm_s_raw"": """",",NONE_UNTIL_REVIEW,walking_speed is not a canonical endpoint,AMBIGUOUS_REQUIRES_REVIEW
experiments/gate_12d_proxy_rollouts/results/proxy_disease_metrics.json,589,walking_speed,AMBIGUOUS_REQUIRES_REVIEW,"""walking_speed_mm_s_raw"": """",",NONE_UNTIL_REVIEW,walking_speed is not a canonical endpoint,AMBIGUOUS_REQUIRES_REVIEW
experiments/gate_12d_proxy_rollouts/results/proxy_disease_metrics.json,616,walking_speed,AMBIGUOUS_REQUIRES_REVIEW,"""walking_speed_mm_s_raw"": """",",NONE_UNTIL_REVIEW,walking_speed is not a canonical endpoint,AMBIGUOUS_REQUIRES_REVIEW
experiments/gate_12d_proxy_rollouts/results/proxy_disease_metrics.json,643,walking_speed,AMBIGUOUS_REQUIRES_REVIEW,"""walking_speed_mm_s_raw"": """",",NONE_UNTIL_REVIEW,walking_speed is not a canonical endpoint,AMBIGUOUS_REQUIRES_REVIEW
experiments/gate_12d_proxy_rollouts/results/proxy_disease_metrics.json,670,walking_speed,AMBIGUOUS_REQUIRES_REVIEW,"""walking_speed_mm_s_raw"": """",",NONE_UNTIL_REVIEW,walking_speed is not a canonical endpoint,AMBIGUOUS_REQUIRES_REVIEW
experiments/gate_12d_proxy_rollouts/results/proxy_disease_metrics.json,697,walking_speed,AMBIGUOUS_REQUIRES_REVIEW,"""walking_speed_mm_s_raw"": """",",NONE_UNTIL_REVIEW,walking_speed is not a canonical endpoint,AMBIGUOUS_REQUIRES_REVIEW
experiments/gate_12d_proxy_rollouts/results/proxy_disease_metrics.json,724,walking_speed,AMBIGUOUS_REQUIRES_REVIEW,"""walking_speed_mm_s_raw"": """",",NONE_UNTIL_REVIEW,walking_speed is not a canonical endpoint,AMBIGUOUS_REQUIRES_REVIEW
experiments/gate_12d_proxy_rollouts/results/proxy_disease_metrics.json,751,walking_speed,AMBIGUOUS_REQUIRES_REVIEW,"""walking_speed_mm_s_raw"": """",",NONE_UNTIL_REVIEW,walking_speed is not a canonical endpoint,AMBIGUOUS_REQUIRES_REVIEW
experiments/gate_12d_proxy_rollouts/results/proxy_disease_metrics.json,778,walking_speed,AMBIGUOUS_REQUIRES_REVIEW,"""walking_speed_mm_s_raw"": """",",NONE_UNTIL_REVIEW,walking_speed is not a canonical endpoint,AMBIGUOUS_REQUIRES_REVIEW
experiments/gate_12d_proxy_rollouts/results/proxy_disease_metrics.json,805,walking_speed,AMBIGUOUS_REQUIRES_REVIEW,"""walking_speed_mm_s_raw"": """",",NONE_UNTIL_REVIEW,walking_speed is not a canonical endpoint,AMBIGUOUS_REQUIRES_REVIEW
experiments/gate_12d_proxy_rollouts/results/proxy_disease_metrics.json,832,walking_speed,AMBIGUOUS_REQUIRES_REVIEW,"""walking_speed_mm_s_raw"": """",",NONE_UNTIL_REVIEW,walking_speed is not a canonical endpoint,AMBIGUOUS_REQUIRES_REVIEW
experiments/gate_12d_proxy_rollouts/results/proxy_disease_metrics.json,859,walking_speed,AMBIGUOUS_REQUIRES_REVIEW,"""walking_speed_mm_s_raw"": """",",NONE_UNTIL_REVIEW,walking_speed is not a canonical endpoint,AMBIGUOUS_REQUIRES_REVIEW
experiments/gate_12d_proxy_rollouts/results/proxy_disease_metrics.json,886,walking_speed,AMBIGUOUS_REQUIRES_REVIEW,"""walking_speed_mm_s_raw"": """",",NONE_UNTIL_REVIEW,walking_speed is not a canonical endpoint,AMBIGUOUS_REQUIRES_REVIEW
experiments/gate_12d_proxy_rollouts/results/proxy_disease_metrics.json,913,walking_speed,AMBIGUOUS_REQUIRES_REVIEW,"""walking_speed_mm_s_raw"": """",",NONE_UNTIL_REVIEW,walking_speed is not a canonical endpoint,AMBIGUOUS_REQUIRES_REVIEW
experiments/gate_12d_proxy_rollouts/results/proxy_disease_metrics.json,940,walking_speed,AMBIGUOUS_REQUIRES_REVIEW,"""walking_speed_mm_s_raw"": """",",NONE_UNTIL_REVIEW,walking_speed is not a canonical endpoint,AMBIGUOUS_REQUIRES_REVIEW
experiments/gate_12d_proxy_rollouts/results/proxy_disease_metrics.json,967,walking_speed,AMBIGUOUS_REQUIRES_REVIEW,"""walking_speed_mm_s_raw"": """",",NONE_UNTIL_REVIEW,walking_speed is not a canonical endpoint,AMBIGUOUS_REQUIRES_REVIEW
experiments/gate_12d_proxy_rollouts/results/proxy_disease_metrics.json,994,walking_speed,AMBIGUOUS_REQUIRES_REVIEW,"""walking_speed_mm_s_raw"": """",",NONE_UNTIL_REVIEW,walking_speed is not a canonical endpoint,AMBIGUOUS_REQUIRES_REVIEW
experiments/gate_12d_proxy_rollouts/results/proxy_disease_metrics.json,1021,walking_speed,AMBIGUOUS_REQUIRES_REVIEW,"""walking_speed_mm_s_raw"": """",",NONE_UNTIL_REVIEW,walking_speed is not a canonical endpoint,AMBIGUOUS_REQUIRES_REVIEW
experiments/gate_12d_proxy_rollouts/results/proxy_disease_metrics.json,1048,walking_speed,AMBIGUOUS_REQUIRES_REVIEW,"""walking_speed_mm_s_raw"": """",",NONE_UNTIL_REVIEW,walking_speed is not a canonical endpoint,AMBIGUOUS_REQUIRES_REVIEW
experiments/gate_12d_proxy_rollouts/results/proxy_disease_metrics.json,1075,walking_speed,AMBIGUOUS_REQUIRES_REVIEW,"""walking_speed_mm_s_raw"": """",",NONE_UNTIL_REVIEW,walking_speed is not a canonical endpoint,AMBIGUOUS_REQUIRES_REVIEW
experiments/gate_12d_proxy_rollouts/results/proxy_disease_metrics.json,1102,walking_speed,AMBIGUOUS_REQUIRES_REVIEW,"""walking_speed_mm_s_raw"": """",",NONE_UNTIL_REVIEW,walking_speed is not a canonical endpoint,AMBIGUOUS_REQUIRES_REVIEW
experiments/gate_12d_proxy_rollouts/results/proxy_disease_metrics.json,1129,walking_speed,AMBIGUOUS_REQUIRES_REVIEW,"""walking_speed_mm_s_raw"": """",",NONE_UNTIL_REVIEW,walking_speed is not a canonical endpoint,AMBIGUOUS_REQUIRES_REVIEW
experiments/gate_12d_proxy_rollouts/results/proxy_disease_metrics.json,1156,walking_speed,AMBIGUOUS_REQUIRES_REVIEW,"""walking_speed_mm_s_raw"": """",",NONE_UNTIL_REVIEW,walking_speed is not a canonical endpoint,AMBIGUOUS_REQUIRES_REVIEW
experiments/gate_12d_proxy_rollouts/results/proxy_disease_metrics.json,1183,walking_speed,AMBIGUOUS_REQUIRES_REVIEW,"""walking_speed_mm_s_raw"": """",",NONE_UNTIL_REVIEW,walking_speed is not a canonical endpoint,AMBIGUOUS_REQUIRES_REVIEW
experiments/gate_12d_proxy_rollouts/results/proxy_disease_metrics.json,1210,walking_speed,AMBIGUOUS_REQUIRES_REVIEW,"""walking_speed_mm_s_raw"": """",",NONE_UNTIL_REVIEW,walking_speed is not a canonical endpoint,AMBIGUOUS_REQUIRES_REVIEW
experiments/gate_12d_proxy_rollouts/results/proxy_disease_metrics.json,1237,walking_speed,AMBIGUOUS_REQUIRES_REVIEW,"""walking_speed_mm_s_raw"": """",",NONE_UNTIL_REVIEW,walking_speed is not a canonical endpoint,AMBIGUOUS_REQUIRES_REVIEW
experiments/gate_12d_proxy_rollouts/results/proxy_disease_metrics.json,1264,walking_speed,AMBIGUOUS_REQUIRES_REVIEW,"""walking_speed_mm_s_raw"": """",",NONE_UNTIL_REVIEW,walking_speed is not a canonical endpoint,AMBIGUOUS_REQUIRES_REVIEW
experiments/gate_12d_proxy_rollouts/results/proxy_disease_metrics.json,1291,walking_speed,AMBIGUOUS_REQUIRES_REVIEW,"""walking_speed_mm_s_raw"": """",",NONE_UNTIL_REVIEW,walking_speed is not a canonical endpoint,AMBIGUOUS_REQUIRES_REVIEW
experiments/gate_12d_proxy_rollouts/results/proxy_disease_metrics.json,1318,walking_speed,AMBIGUOUS_REQUIRES_REVIEW,"""walking_speed_mm_s_raw"": """",",NONE_UNTIL_REVIEW,walking_speed is not a canonical endpoint,AMBIGUOUS_REQUIRES_REVIEW
experiments/gate_12d_proxy_rollouts/results/proxy_disease_metrics.json,1345,walking_speed,AMBIGUOUS_REQUIRES_REVIEW,"""walking_speed_mm_s_raw"": """",",NONE_UNTIL_REVIEW,walking_speed is not a canonical endpoint,AMBIGUOUS_REQUIRES_REVIEW
experiments/gate_12d_proxy_rollouts/results/proxy_disease_metrics.json,1372,walking_speed,AMBIGUOUS_REQUIRES_REVIEW,"""walking_speed_mm_s_raw"": """",",NONE_UNTIL_REVIEW,walking_speed is not a canonical endpoint,AMBIGUOUS_REQUIRES_REVIEW
experiments/gate_12d_proxy_rollouts/results/proxy_disease_metrics.json,1399,walking_speed,AMBIGUOUS_REQUIRES_REVIEW,"""walking_speed_mm_s_raw"": """",",NONE_UNTIL_REVIEW,walking_speed is not a canonical endpoint,AMBIGUOUS_REQUIRES_REVIEW
experiments/gate_12d_proxy_rollouts/results/proxy_disease_metrics.json,1426,walking_speed,AMBIGUOUS_REQUIRES_REVIEW,"""walking_speed_mm_s_raw"": """",",NONE_UNTIL_REVIEW,walking_speed is not a canonical endpoint,AMBIGUOUS_REQUIRES_REVIEW
experiments/gate_12d_proxy_rollouts/results/proxy_disease_metrics.json,1453,walking_speed,AMBIGUOUS_REQUIRES_REVIEW,"""walking_speed_mm_s_raw"": """",",NONE_UNTIL_REVIEW,walking_speed is not a canonical endpoint,AMBIGUOUS_REQUIRES_REVIEW
experiments/gate_12d_proxy_rollouts/results/proxy_disease_metrics.json,1480,walking_speed,AMBIGUOUS_REQUIRES_REVIEW,"""walking_speed_mm_s_raw"": """",",NONE_UNTIL_REVIEW,walking_speed is not a canonical endpoint,AMBIGUOUS_REQUIRES_REVIEW
experiments/gate_12d_proxy_rollouts/results/proxy_disease_metrics.json,1507,walking_speed,AMBIGUOUS_REQUIRES_REVIEW,"""walking_speed_mm_s_raw"": """",",NONE_UNTIL_REVIEW,walking_speed is not a canonical endpoint,AMBIGUOUS_REQUIRES_REVIEW
experiments/gate_12d_proxy_rollouts/results/proxy_disease_metrics.json,1534,walking_speed,AMBIGUOUS_REQUIRES_REVIEW,"""walking_speed_mm_s_raw"": """",",NONE_UNTIL_REVIEW,walking_speed is not a canonical endpoint,AMBIGUOUS_REQUIRES_REVIEW
experiments/gate_12d_proxy_rollouts/results/proxy_disease_metrics.json,1561,walking_speed,AMBIGUOUS_REQUIRES_REVIEW,"""walking_speed_mm_s_raw"": """",",NONE_UNTIL_REVIEW,walking_speed is not a canonical endpoint,AMBIGUOUS_REQUIRES_REVIEW
experiments/gate_12d_proxy_rollouts/results/proxy_disease_metrics.json,1588,walking_speed,AMBIGUOUS_REQUIRES_REVIEW,"""walking_speed_mm_s_raw"": """",",NONE_UNTIL_REVIEW,walking_speed is not a canonical endpoint,AMBIGUOUS_REQUIRES_REVIEW
experiments/gate_12d_proxy_rollouts/results/proxy_disease_metrics.json,1615,walking_speed,AMBIGUOUS_REQUIRES_REVIEW,"""walking_speed_mm_s_raw"": """",",NONE_UNTIL_REVIEW,walking_speed is not a canonical endpoint,AMBIGUOUS_REQUIRES_REVIEW
experiments/gate_12g_integrated_proxy_rollouts/results/integrated_proxy_disease_metrics.csv,1,walking_speed,LEGACY_ALIAS_UNPROVEN,"condition_id,scope,gene_specific_mapping,burden_level,burden_label,seed,run_status,skip_reason,step_count,timestep_s,duration_s,operator_applied,operator_config_sha256,action_changed_for_positive_burden,burden_zero_identity_pass,adhesion_on",NONE_UNTIL_REVIEW,definition does not prove equivalence,LEGACY_ALIAS_UNPROVEN
experiments/gate_12g_integrated_proxy_rollouts/results/integrated_proxy_disease_metrics.json,27,walking_speed,AMBIGUOUS_REQUIRES_REVIEW,"""walking_speed_mm_s_raw"": 2.8147900404746955,",NONE_UNTIL_REVIEW,walking_speed is not a canonical endpoint,AMBIGUOUS_REQUIRES_REVIEW
experiments/gate_12g_integrated_proxy_rollouts/results/integrated_proxy_disease_metrics.json,59,walking_speed,AMBIGUOUS_REQUIRES_REVIEW,"""walking_speed_mm_s_raw"": 2.751075909819597,",NONE_UNTIL_REVIEW,walking_speed is not a canonical endpoint,AMBIGUOUS_REQUIRES_REVIEW
experiments/gate_12g_integrated_proxy_rollouts/results/integrated_proxy_disease_metrics.json,91,walking_speed,AMBIGUOUS_REQUIRES_REVIEW,"""walking_speed_mm_s_raw"": 3.3043165130501264,",NONE_UNTIL_REVIEW,walking_speed is not a canonical endpoint,AMBIGUOUS_REQUIRES_REVIEW
experiments/gate_12g_integrated_proxy_rollouts/results/integrated_proxy_disease_metrics.json,123,walking_speed,AMBIGUOUS_REQUIRES_REVIEW,"""walking_speed_mm_s_raw"": 3.30745541859186,",NONE_UNTIL_REVIEW,walking_speed is not a canonical endpoint,AMBIGUOUS_REQUIRES_REVIEW
experiments/gate_12g_integrated_proxy_rollouts/results/integrated_proxy_disease_metrics.json,155,walking_speed,AMBIGUOUS_REQUIRES_REVIEW,"""walking_speed_mm_s_raw"": 3.07981684120186,",NONE_UNTIL_REVIEW,walking_speed is not a canonical endpoint,AMBIGUOUS_REQUIRES_REVIEW
experiments/gate_12g_integrated_proxy_rollouts/results/integrated_proxy_disease_metrics.json,187,walking_speed,AMBIGUOUS_REQUIRES_REVIEW,"""walking_speed_mm_s_raw"": 3.071372395386294,",NONE_UNTIL_REVIEW,walking_speed is not a canonical endpoint,AMBIGUOUS_REQUIRES_REVIEW
experiments/gate_12g_integrated_proxy_rollouts/results/integrated_proxy_disease_metrics.json,219,walking_speed,AMBIGUOUS_REQUIRES_REVIEW,"""walking_speed_mm_s_raw"": 2.786406351485537,",NONE_UNTIL_REVIEW,walking_speed is not a canonical endpoint,AMBIGUOUS_REQUIRES_REVIEW
experiments/gate_12g_integrated_proxy_rollouts/results/integrated_proxy_disease_metrics.json,251,walking_speed,AMBIGUOUS_REQUIRES_REVIEW,"""walking_speed_mm_s_raw"": 2.348187701436238,",NONE_UNTIL_REVIEW,walking_speed is not a canonical endpoint,AMBIGUOUS_REQUIRES_REVIEW
experiments/gate_12g_integrated_proxy_rollouts/results/integrated_proxy_disease_metrics.json,283,walking_speed,AMBIGUOUS_REQUIRES_REVIEW,"""walking_speed_mm_s_raw"": 3.193493300309089,",NONE_UNTIL_REVIEW,walking_speed is not a canonical endpoint,AMBIGUOUS_REQUIRES_REVIEW
experiments/gate_12g_integrated_proxy_rollouts/results/integrated_proxy_disease_metrics.json,315,walking_speed,AMBIGUOUS_REQUIRES_REVIEW,"""walking_speed_mm_s_raw"": 2.998516737734145,",NONE_UNTIL_REVIEW,walking_speed is not a canonical endpoint,AMBIGUOUS_REQUIRES_REVIEW
experiments/gate_12g_integrated_proxy_rollouts/results/integrated_proxy_disease_metrics.json,347,walking_speed,AMBIGUOUS_REQUIRES_REVIEW,"""walking_speed_mm_s_raw"": 2.7309851742936,",NONE_UNTIL_REVIEW,walking_speed is not a canonical endpoint,AMBIGUOUS_REQUIRES_REVIEW
experiments/gate_12g_integrated_proxy_rollouts/results/integrated_proxy_disease_metrics.json,379,walking_speed,AMBIGUOUS_REQUIRES_REVIEW,"""walking_speed_mm_s_raw"": 2.7009793103990867,",NONE_UNTIL_REVIEW,walking_speed is not a canonical endpoint,AMBIGUOUS_REQUIRES_REVIEW
experiments/gate_12g_integrated_proxy_rollouts/results/integrated_proxy_disease_metrics.json,411,walking_speed,AMBIGUOUS_REQUIRES_REVIEW,"""walking_speed_mm_s_raw"": 2.917762188750791,",NONE_UNTIL_REVIEW,walking_speed is not a canonical endpoint,AMBIGUOUS_REQUIRES_REVIEW
experiments/gate_12g_integrated_proxy_rollouts/results/integrated_proxy_disease_metrics.json,443,walking_speed,AMBIGUOUS_REQUIRES_REVIEW,"""walking_speed_mm_s_raw"": 2.2834601518454445,",NONE_UNTIL_REVIEW,walking_speed is not a canonical endpoint,AMBIGUOUS_REQUIRES_REVIEW
experiments/gate_12g_integrated_proxy_rollouts/results/integrated_proxy_disease_metrics.json,475,walking_speed,AMBIGUOUS_REQUIRES_REVIEW,"""walking_speed_mm_s_raw"": 3.1992378656397853,",NONE_UNTIL_REVIEW,walking_speed is not a canonical endpoint,AMBIGUOUS_REQUIRES_REVIEW
experiments/gate_12g_integrated_proxy_rollouts/results/integrated_proxy_disease_metrics.json,507,walking_speed,AMBIGUOUS_REQUIRES_REVIEW,"""walking_speed_mm_s_raw"": 3.09266621712464,",NONE_UNTIL_REVIEW,walking_speed is not a canonical endpoint,AMBIGUOUS_REQUIRES_REVIEW
experiments/gate_12g_integrated_proxy_rollouts/results/integrated_proxy_disease_metrics.json,539,walking_speed,AMBIGUOUS_REQUIRES_REVIEW,"""walking_speed_mm_s_raw"": 2.669353911280795,",NONE_UNTIL_REVIEW,walking_speed is not a canonical endpoint,AMBIGUOUS_REQUIRES_REVIEW
experiments/gate_12g_integrated_proxy_rollouts/results/integrated_proxy_disease_metrics.json,571,walking_speed,AMBIGUOUS_REQUIRES_REVIEW,"""walking_speed_mm_s_raw"": 2.6066488848648115,",NONE_UNTIL_REVIEW,walking_speed is not a canonical endpoint,AMBIGUOUS_REQUIRES_REVIEW
experiments/gate_12g_integrated_proxy_rollouts/results/integrated_proxy_disease_metrics.json,603,walking_speed,AMBIGUOUS_REQUIRES_REVIEW,"""walking_speed_mm_s_raw"": 3.095979069875861,",NONE_UNTIL_REVIEW,walking_speed is not a canonical endpoint,AMBIGUOUS_REQUIRES_REVIEW
experiments/gate_12g_integrated_proxy_rollouts/results/integrated_proxy_disease_metrics.json,635,walking_speed,AMBIGUOUS_REQUIRES_REVIEW,"""walking_speed_mm_s_raw"": 2.8669650258280646,",NONE_UNTIL_REVIEW,walking_speed is not a canonical endpoint,AMBIGUOUS_REQUIRES_REVIEW
experiments/gate_12g_integrated_proxy_rollouts/results/integrated_proxy_disease_metrics.json,667,walking_speed,AMBIGUOUS_REQUIRES_REVIEW,"""walking_speed_mm_s_raw"": 3.1741308365911163,",NONE_UNTIL_REVIEW,walking_speed is not a canonical endpoint,AMBIGUOUS_REQUIRES_REVIEW
experiments/gate_12g_integrated_proxy_rollouts/results/integrated_proxy_disease_metrics.json,699,walking_speed,AMBIGUOUS_REQUIRES_REVIEW,"""walking_speed_mm_s_raw"": 3.5776833181634378,",NONE_UNTIL_REVIEW,walking_speed is not a canonical endpoint,AMBIGUOUS_REQUIRES_REVIEW
experiments/gate_12g_integrated_proxy_rollouts/results/integrated_proxy_disease_metrics.json,731,walking_speed,AMBIGUOUS_REQUIRES_REVIEW,"""walking_speed_mm_s_raw"": 5.10930068194661,",NONE_UNTIL_REVIEW,walking_speed is not a canonical endpoint,AMBIGUOUS_REQUIRES_REVIEW
experiments/gate_12g_integrated_proxy_rollouts/results/integrated_proxy_disease_metrics.json,763,walking_speed,AMBIGUOUS_REQUIRES_REVIEW,"""walking_speed_mm_s_raw"": 3.4044908603190573,",NONE_UNTIL_REVIEW,walking_speed is not a canonical endpoint,AMBIGUOUS_REQUIRES_REVIEW
experiments/gate_12g_integrated_proxy_rollouts/results/integrated_proxy_disease_metrics.json,795,walking_speed,AMBIGUOUS_REQUIRES_REVIEW,"""walking_speed_mm_s_raw"": 10.337123687806013,",NONE_UNTIL_REVIEW,walking_speed is not a canonical endpoint,AMBIGUOUS_REQUIRES_REVIEW
experiments/gate_12g_integrated_proxy_rollouts/results/integrated_proxy_disease_metrics.json,827,walking_speed,AMBIGUOUS_REQUIRES_REVIEW,"""walking_speed_mm_s_raw"": 8.678506225002218,",NONE_UNTIL_REVIEW,walking_speed is not a canonical endpoint,AMBIGUOUS_REQUIRES_REVIEW
experiments/gate_12g_integrated_proxy_rollouts/results/integrated_proxy_disease_metrics.json,859,walking_speed,AMBIGUOUS_REQUIRES_REVIEW,"""walking_speed_mm_s_raw"": 9.818829922715965,",NONE_UNTIL_REVIEW,walking_speed is not a canonical endpoint,AMBIGUOUS_REQUIRES_REVIEW
experiments/gate_12g_integrated_proxy_rollouts/results/integrated_proxy_disease_metrics.json,891,walking_speed,AMBIGUOUS_REQUIRES_REVIEW,"""walking_speed_mm_s_raw"": 12.202652124917114,",NONE_UNTIL_REVIEW,walking_speed is not a canonical endpoint,AMBIGUOUS_REQUIRES_REVIEW
experiments/gate_12g_integrated_proxy_rollouts/results/integrated_proxy_disease_metrics.json,923,walking_speed,AMBIGUOUS_REQUIRES_REVIEW,"""walking_speed_mm_s_raw"": 11.410319722494675,",NONE_UNTIL_REVIEW,walking_speed is not a canonical endpoint,AMBIGUOUS_REQUIRES_REVIEW
experiments/gate_12g_integrated_proxy_rollouts/results/integrated_proxy_disease_metrics.json,955,walking_speed,AMBIGUOUS_REQUIRES_REVIEW,"""walking_speed_mm_s_raw"": 10.618520941155493,",NONE_UNTIL_REVIEW,walking_speed is not a canonical endpoint,AMBIGUOUS_REQUIRES_REVIEW
experiments/gate_12g_integrated_proxy_rollouts/results/integrated_proxy_disease_metrics.json,987,walking_speed,AMBIGUOUS_REQUIRES_REVIEW,"""walking_speed_mm_s_raw"": 2.8147900404746955,",NONE_UNTIL_REVIEW,walking_speed is not a canonical endpoint,AMBIGUOUS_REQUIRES_REVIEW
experiments/gate_12g_integrated_proxy_rollouts/results/integrated_proxy_disease_metrics.json,1019,walking_speed,AMBIGUOUS_REQUIRES_REVIEW,"""walking_speed_mm_s_raw"": 2.751075909819597,",NONE_UNTIL_REVIEW,walking_speed is not a canonical endpoint,AMBIGUOUS_REQUIRES_REVIEW
experiments/gate_12g_integrated_proxy_rollouts/results/integrated_proxy_disease_metrics.json,1051,walking_speed,AMBIGUOUS_REQUIRES_REVIEW,"""walking_speed_mm_s_raw"": 3.3043165130501264,",NONE_UNTIL_REVIEW,walking_speed is not a canonical endpoint,AMBIGUOUS_REQUIRES_REVIEW
experiments/gate_12g_integrated_proxy_rollouts/results/integrated_proxy_disease_metrics.json,1083,walking_speed,AMBIGUOUS_REQUIRES_REVIEW,"""walking_speed_mm_s_raw"": 3.30745541859186,",NONE_UNTIL_REVIEW,walking_speed is not a canonical endpoint,AMBIGUOUS_REQUIRES_REVIEW
experiments/gate_12g_integrated_proxy_rollouts/results/integrated_proxy_disease_metrics.json,1115,walking_speed,AMBIGUOUS_REQUIRES_REVIEW,"""walking_speed_mm_s_raw"": 3.07981684120186,",NONE_UNTIL_REVIEW,walking_speed is not a canonical endpoint,AMBIGUOUS_REQUIRES_REVIEW
experiments/gate_12g_integrated_proxy_rollouts/results/integrated_proxy_disease_metrics.json,1147,walking_speed,AMBIGUOUS_REQUIRES_REVIEW,"""walking_speed_mm_s_raw"": 3.071372395386294,",NONE_UNTIL_REVIEW,walking_speed is not a canonical endpoint,AMBIGUOUS_REQUIRES_REVIEW
experiments/gate_12g_integrated_proxy_rollouts/results/integrated_proxy_disease_metrics.json,1179,walking_speed,AMBIGUOUS_REQUIRES_REVIEW,"""walking_speed_mm_s_raw"": 2.786406351485537,",NONE_UNTIL_REVIEW,walking_speed is not a canonical endpoint,AMBIGUOUS_REQUIRES_REVIEW
experiments/gate_12g_integrated_proxy_rollouts/results/integrated_proxy_disease_metrics.json,1211,walking_speed,AMBIGUOUS_REQUIRES_REVIEW,"""walking_speed_mm_s_raw"": 2.348187701436238,",NONE_UNTIL_REVIEW,walking_speed is not a canonical endpoint,AMBIGUOUS_REQUIRES_REVIEW
experiments/gate_12g_integrated_proxy_rollouts/results/integrated_proxy_disease_metrics.json,1243,walking_speed,AMBIGUOUS_REQUIRES_REVIEW,"""walking_speed_mm_s_raw"": 3.193493300309089,",NONE_UNTIL_REVIEW,walking_speed is not a canonical endpoint,AMBIGUOUS_REQUIRES_REVIEW
experiments/gate_12g_integrated_proxy_rollouts/results/integrated_proxy_disease_metrics.json,1275,walking_speed,AMBIGUOUS_REQUIRES_REVIEW,"""walking_speed_mm_s_raw"": 2.998516737734145,",NONE_UNTIL_REVIEW,walking_speed is not a canonical endpoint,AMBIGUOUS_REQUIRES_REVIEW
experiments/gate_12g_integrated_proxy_rollouts/results/integrated_proxy_disease_metrics.json,1307,walking_speed,AMBIGUOUS_REQUIRES_REVIEW,"""walking_speed_mm_s_raw"": 2.7309851742936,",NONE_UNTIL_REVIEW,walking_speed is not a canonical endpoint,AMBIGUOUS_REQUIRES_REVIEW
experiments/gate_12g_integrated_proxy_rollouts/results/integrated_proxy_disease_metrics.json,1339,walking_speed,AMBIGUOUS_REQUIRES_REVIEW,"""walking_speed_mm_s_raw"": 2.7009793103990867,",NONE_UNTIL_REVIEW,walking_speed is not a canonical endpoint,AMBIGUOUS_REQUIRES_REVIEW
experiments/gate_12g_integrated_proxy_rollouts/results/integrated_proxy_disease_metrics.json,1371,walking_speed,AMBIGUOUS_REQUIRES_REVIEW,"""walking_speed_mm_s_raw"": 2.917762188750791,",NONE_UNTIL_REVIEW,walking_speed is not a canonical endpoint,AMBIGUOUS_REQUIRES_REVIEW
experiments/gate_12g_integrated_proxy_rollouts/results/integrated_proxy_disease_metrics.json,1403,walking_speed,AMBIGUOUS_REQUIRES_REVIEW,"""walking_speed_mm_s_raw"": 2.2834601518454445,",NONE_UNTIL_REVIEW,walking_speed is not a canonical endpoint,AMBIGUOUS_REQUIRES_REVIEW
experiments/gate_12g_integrated_proxy_rollouts/results/integrated_proxy_disease_metrics.json,1435,walking_speed,AMBIGUOUS_REQUIRES_REVIEW,"""walking_speed_mm_s_raw"": 3.1992378656397853,",NONE_UNTIL_REVIEW,walking_speed is not a canonical endpoint,AMBIGUOUS_REQUIRES_REVIEW
experiments/gate_12g_integrated_proxy_rollouts/results/integrated_proxy_disease_metrics.json,1467,walking_speed,AMBIGUOUS_REQUIRES_REVIEW,"""walking_speed_mm_s_raw"": 3.09266621712464,",NONE_UNTIL_REVIEW,walking_speed is not a canonical endpoint,AMBIGUOUS_REQUIRES_REVIEW
experiments/gate_12g_integrated_proxy_rollouts/results/integrated_proxy_disease_metrics.json,1499,walking_speed,AMBIGUOUS_REQUIRES_REVIEW,"""walking_speed_mm_s_raw"": 2.669353911280795,",NONE_UNTIL_REVIEW,walking_speed is not a canonical endpoint,AMBIGUOUS_REQUIRES_REVIEW
experiments/gate_12g_integrated_proxy_rollouts/results/integrated_proxy_disease_metrics.json,1531,walking_speed,AMBIGUOUS_REQUIRES_REVIEW,"""walking_speed_mm_s_raw"": 2.6066488848648115,",NONE_UNTIL_REVIEW,walking_speed is not a canonical endpoint,AMBIGUOUS_REQUIRES_REVIEW
experiments/gate_12g_integrated_proxy_rollouts/results/integrated_proxy_disease_metrics.json,1563,walking_speed,AMBIGUOUS_REQUIRES_REVIEW,"""walking_speed_mm_s_raw"": 3.095979069875861,",NONE_UNTIL_REVIEW,walking_speed is not a canonical endpoint,AMBIGUOUS_REQUIRES_REVIEW
experiments/gate_12g_integrated_proxy_rollouts/results/integrated_proxy_disease_metrics.json,1595,walking_speed,AMBIGUOUS_REQUIRES_REVIEW,"""walking_speed_mm_s_raw"": 2.8669650258280646,",NONE_UNTIL_REVIEW,walking_speed is not a canonical endpoint,AMBIGUOUS_REQUIRES_REVIEW
experiments/gate_12g_integrated_proxy_rollouts/results/integrated_proxy_disease_metrics.json,1627,walking_speed,AMBIGUOUS_REQUIRES_REVIEW,"""walking_speed_mm_s_raw"": 3.1741308365911163,",NONE_UNTIL_REVIEW,walking_speed is not a canonical endpoint,AMBIGUOUS_REQUIRES_REVIEW
experiments/gate_12g_integrated_proxy_rollouts/results/integrated_proxy_disease_metrics.json,1659,walking_speed,AMBIGUOUS_REQUIRES_REVIEW,"""walking_speed_mm_s_raw"": 3.5776833181634378,",NONE_UNTIL_REVIEW,walking_speed is not a canonical endpoint,AMBIGUOUS_REQUIRES_REVIEW
experiments/gate_12g_integrated_proxy_rollouts/results/integrated_proxy_disease_metrics.json,1691,walking_speed,AMBIGUOUS_REQUIRES_REVIEW,"""walking_speed_mm_s_raw"": 5.10930068194661,",NONE_UNTIL_REVIEW,walking_speed is not a canonical endpoint,AMBIGUOUS_REQUIRES_REVIEW
experiments/gate_12g_integrated_proxy_rollouts/results/integrated_proxy_disease_metrics.json,1723,walking_speed,AMBIGUOUS_REQUIRES_REVIEW,"""walking_speed_mm_s_raw"": 3.4044908603190573,",NONE_UNTIL_REVIEW,walking_speed is not a canonical endpoint,AMBIGUOUS_REQUIRES_REVIEW
experiments/gate_12g_integrated_proxy_rollouts/results/integrated_proxy_disease_metrics.json,1755,walking_speed,AMBIGUOUS_REQUIRES_REVIEW,"""walking_speed_mm_s_raw"": 10.337123687806013,",NONE_UNTIL_REVIEW,walking_speed is not a canonical endpoint,AMBIGUOUS_REQUIRES_REVIEW
experiments/gate_12g_integrated_proxy_rollouts/results/integrated_proxy_disease_metrics.json,1787,walking_speed,AMBIGUOUS_REQUIRES_REVIEW,"""walking_speed_mm_s_raw"": 8.678506225002218,",NONE_UNTIL_REVIEW,walking_speed is not a canonical endpoint,AMBIGUOUS_REQUIRES_REVIEW
experiments/gate_12g_integrated_proxy_rollouts/results/integrated_proxy_disease_metrics.json,1819,walking_speed,AMBIGUOUS_REQUIRES_REVIEW,"""walking_speed_mm_s_raw"": 9.818829922715965,",NONE_UNTIL_REVIEW,walking_speed is not a canonical endpoint,AMBIGUOUS_REQUIRES_REVIEW
experiments/gate_12g_integrated_proxy_rollouts/results/integrated_proxy_disease_metrics.json,1851,walking_speed,AMBIGUOUS_REQUIRES_REVIEW,"""walking_speed_mm_s_raw"": 12.202652124917114,",NONE_UNTIL_REVIEW,walking_speed is not a canonical endpoint,AMBIGUOUS_REQUIRES_REVIEW
experiments/gate_12g_integrated_proxy_rollouts/results/integrated_proxy_disease_metrics.json,1883,walking_speed,AMBIGUOUS_REQUIRES_REVIEW,"""walking_speed_mm_s_raw"": 11.410319722494675,",NONE_UNTIL_REVIEW,walking_speed is not a canonical endpoint,AMBIGUOUS_REQUIRES_REVIEW
experiments/gate_12g_integrated_proxy_rollouts/results/integrated_proxy_disease_metrics.json,1915,walking_speed,AMBIGUOUS_REQUIRES_REVIEW,"""walking_speed_mm_s_raw"": 10.618520941155493,",NONE_UNTIL_REVIEW,walking_speed is not a canonical endpoint,AMBIGUOUS_REQUIRES_REVIEW
experiments/gate_13a_chen_objective/manifests/chen_objective_manifest.json,9,walking_speed,AMBIGUOUS_REQUIRES_REVIEW,"""research/paper_review/digitized/chen_2014_adult_walking_speed.csv"",",NONE_UNTIL_REVIEW,walking_speed is not a canonical endpoint,AMBIGUOUS_REQUIRES_REVIEW
experiments/gate_13a_chen_objective/manifests/chen_objective_manifest.json,19,walking_speed,AMBIGUOUS_REQUIRES_REVIEW,"""path"": ""research/paper_review/digitized/chen_2014_adult_walking_speed.csv"",",NONE_UNTIL_REVIEW,walking_speed is not a canonical endpoint,AMBIGUOUS_REQUIRES_REVIEW
experiments/gate_13a_chen_objective/results/chen_objective_feasibility.csv,3,walking_speed,AMBIGUOUS_REQUIRES_REVIEW,"ratio,mean_planar_speed_ratio_to_control,0.670103092784,dimensionless,,NOT_REPORTED,research/paper_review/digitized/chen_2014_adult_walking_speed.csv,PREFERRED_FOR_PROXY_CALIBRATION,Computed only from the matched Old A30P and Old CT rows in",NONE_UNTIL_REVIEW,walking_speed is not a canonical endpoint,AMBIGUOUS_REQUIRES_REVIEW
experiments/gate_13c_calibrated_confirmation/results/calibrated_confirmation_metrics.csv,1,walking_speed,LEGACY_ALIAS_UNPROVEN,"condition_id,scope,gene_specific_mapping,burden_level,burden_label,seed,run_status,skip_reason,step_count,timestep_s,duration_s,operator_applied,operator_config_sha256,action_changed_for_positive_burden,burden_zero_identity_pass,adhesion_on",NONE_UNTIL_REVIEW,definition does not prove equivalence,LEGACY_ALIAS_UNPROVEN
experiments/gate_13c_calibrated_confirmation/results/calibrated_confirmation_metrics.json,51,walking_speed,AMBIGUOUS_REQUIRES_REVIEW,"""walking_speed_mm_s_raw"": ""3.4085557223544467"",",NONE_UNTIL_REVIEW,walking_speed is not a canonical endpoint,AMBIGUOUS_REQUIRES_REVIEW
experiments/gate_13c_calibrated_confirmation/results/calibrated_confirmation_metrics.json,83,walking_speed,AMBIGUOUS_REQUIRES_REVIEW,"""walking_speed_mm_s_raw"": ""3.19739231560763"",",NONE_UNTIL_REVIEW,walking_speed is not a canonical endpoint,AMBIGUOUS_REQUIRES_REVIEW
experiments/gate_13c_calibrated_confirmation/results/calibrated_confirmation_metrics.json,115,walking_speed,AMBIGUOUS_REQUIRES_REVIEW,"""walking_speed_mm_s_raw"": ""3.0889827266984238"",",NONE_UNTIL_REVIEW,walking_speed is not a canonical endpoint,AMBIGUOUS_REQUIRES_REVIEW
experiments/gate_13c_calibrated_confirmation/results/calibrated_confirmation_metrics.json,147,walking_speed,AMBIGUOUS_REQUIRES_REVIEW,"""walking_speed_mm_s_raw"": ""2.9088674532438454"",",NONE_UNTIL_REVIEW,walking_speed is not a canonical endpoint,AMBIGUOUS_REQUIRES_REVIEW
experiments/gate_13c_calibrated_confirmation/results/calibrated_confirmation_metrics.json,179,walking_speed,AMBIGUOUS_REQUIRES_REVIEW,"""walking_speed_mm_s_raw"": ""3.3782190705269466"",",NONE_UNTIL_REVIEW,walking_speed is not a canonical endpoint,AMBIGUOUS_REQUIRES_REVIEW
experiments/gate_13c_calibrated_confirmation/results/calibrated_confirmation_metrics.json,211,walking_speed,AMBIGUOUS_REQUIRES_REVIEW,"""walking_speed_mm_s_raw"": ""3.0002343737819714"",",NONE_UNTIL_REVIEW,walking_speed is not a canonical endpoint,AMBIGUOUS_REQUIRES_REVIEW
experiments/gate_13c_calibrated_confirmation/results/calibrated_confirmation_metrics.json,243,walking_speed,AMBIGUOUS_REQUIRES_REVIEW,"""walking_speed_mm_s_raw"": ""3.037080889115311"",",NONE_UNTIL_REVIEW,walking_speed is not a canonical endpoint,AMBIGUOUS_REQUIRES_REVIEW
experiments/gate_13c_calibrated_confirmation/results/calibrated_confirmation_metrics.json,275,walking_speed,AMBIGUOUS_REQUIRES_REVIEW,"""walking_speed_mm_s_raw"": ""3.080614309639769"",",NONE_UNTIL_REVIEW,walking_speed is not a canonical endpoint,AMBIGUOUS_REQUIRES_REVIEW
experiments/gate_13c_calibrated_confirmation/results/calibrated_confirmation_metrics.json,307,walking_speed,AMBIGUOUS_REQUIRES_REVIEW,"""walking_speed_mm_s_raw"": ""2.8400288583781843"",",NONE_UNTIL_REVIEW,walking_speed is not a canonical endpoint,AMBIGUOUS_REQUIRES_REVIEW
experiments/gate_13c_calibrated_confirmation/results/calibrated_confirmation_metrics.json,339,walking_speed,AMBIGUOUS_REQUIRES_REVIEW,"""walking_speed_mm_s_raw"": ""2.607844776062516"",",NONE_UNTIL_REVIEW,walking_speed is not a canonical endpoint,AMBIGUOUS_REQUIRES_REVIEW
experiments/gate_13c_calibrated_confirmation/results/calibrated_confirmation_metrics.json,371,walking_speed,AMBIGUOUS_REQUIRES_REVIEW,"""walking_speed_mm_s_raw"": ""3.1493033540366464"",",NONE_UNTIL_REVIEW,walking_speed is not a canonical endpoint,AMBIGUOUS_REQUIRES_REVIEW
experiments/gate_13c_calibrated_confirmation/results/calibrated_confirmation_metrics.json,403,walking_speed,AMBIGUOUS_REQUIRES_REVIEW,"""walking_speed_mm_s_raw"": ""2.691823888697412"",",NONE_UNTIL_REVIEW,walking_speed is not a canonical endpoint,AMBIGUOUS_REQUIRES_REVIEW
experiments/gate_14b_pozo_holdout_validation/results/pozo_holdout_metrics.csv,1,walking_speed,LEGACY_ALIAS_UNPROVEN,"condition_id,scope,gene_specific_mapping,burden_level,burden_label,seed,run_status,skip_reason,step_count,timestep_s,duration_s,operator_applied,operator_config_sha256,action_changed_for_positive_burden,burden_zero_identity_pass,adhesion_on",NONE_UNTIL_REVIEW,definition does not prove equivalence,LEGACY_ALIAS_UNPROVEN
experiments/gate_14b_pozo_holdout_validation/results/pozo_holdout_metrics.json,27,walking_speed,AMBIGUOUS_REQUIRES_REVIEW,"""walking_speed_mm_s_raw"": 3.2128168535912884,",NONE_UNTIL_REVIEW,walking_speed is not a canonical endpoint,AMBIGUOUS_REQUIRES_REVIEW
experiments/gate_14b_pozo_holdout_validation/results/pozo_holdout_metrics.json,59,walking_speed,AMBIGUOUS_REQUIRES_REVIEW,"""walking_speed_mm_s_raw"": 3.3500051540157894,",NONE_UNTIL_REVIEW,walking_speed is not a canonical endpoint,AMBIGUOUS_REQUIRES_REVIEW
experiments/gate_14b_pozo_holdout_validation/results/pozo_holdout_metrics.json,91,walking_speed,AMBIGUOUS_REQUIRES_REVIEW,"""walking_speed_mm_s_raw"": 3.314410616602147,",NONE_UNTIL_REVIEW,walking_speed is not a canonical endpoint,AMBIGUOUS_REQUIRES_REVIEW
experiments/gate_14b_pozo_holdout_validation/results/pozo_holdout_metrics.json,123,walking_speed,AMBIGUOUS_REQUIRES_REVIEW,"""walking_speed_mm_s_raw"": 3.2179261754090085,",NONE_UNTIL_REVIEW,walking_speed is not a canonical endpoint,AMBIGUOUS_REQUIRES_REVIEW
experiments/gate_14b_pozo_holdout_validation/results/pozo_holdout_metrics.json,155,walking_speed,AMBIGUOUS_REQUIRES_REVIEW,"""walking_speed_mm_s_raw"": 3.6940610682765582,",NONE_UNTIL_REVIEW,walking_speed is not a canonical endpoint,AMBIGUOUS_REQUIRES_REVIEW
experiments/gate_14b_pozo_holdout_validation/results/pozo_holdout_metrics.json,187,walking_speed,AMBIGUOUS_REQUIRES_REVIEW,"""walking_speed_mm_s_raw"": 3.2082583198908816,",NONE_UNTIL_REVIEW,walking_speed is not a canonical endpoint,AMBIGUOUS_REQUIRES_REVIEW
experiments/gate_14b_pozo_holdout_validation/results/pozo_holdout_metrics.json,219,walking_speed,AMBIGUOUS_REQUIRES_REVIEW,"""walking_speed_mm_s_raw"": 3.491112078529162,",NONE_UNTIL_REVIEW,walking_speed is not a canonical endpoint,AMBIGUOUS_REQUIRES_REVIEW
experiments/gate_14b_pozo_holdout_validation/results/pozo_holdout_metrics.json,251,walking_speed,AMBIGUOUS_REQUIRES_REVIEW,"""walking_speed_mm_s_raw"": 3.248231666106801,",NONE_UNTIL_REVIEW,walking_speed is not a canonical endpoint,AMBIGUOUS_REQUIRES_REVIEW
experiments/gate_14b_pozo_holdout_validation/results/pozo_holdout_metrics.json,283,walking_speed,AMBIGUOUS_REQUIRES_REVIEW,"""walking_speed_mm_s_raw"": 3.480714188774868,",NONE_UNTIL_REVIEW,walking_speed is not a canonical endpoint,AMBIGUOUS_REQUIRES_REVIEW
experiments/gate_14b_pozo_holdout_validation/results/pozo_holdout_metrics.json,315,walking_speed,AMBIGUOUS_REQUIRES_REVIEW,"""walking_speed_mm_s_raw"": 2.9576203310357974,",NONE_UNTIL_REVIEW,walking_speed is not a canonical endpoint,AMBIGUOUS_REQUIRES_REVIEW
experiments/gate_14b_pozo_holdout_validation/results/pozo_holdout_metrics.json,347,walking_speed,AMBIGUOUS_REQUIRES_REVIEW,"""walking_speed_mm_s_raw"": 3.1863630270261165,",NONE_UNTIL_REVIEW,walking_speed is not a canonical endpoint,AMBIGUOUS_REQUIRES_REVIEW
experiments/gate_14b_pozo_holdout_validation/results/pozo_holdout_metrics.json,379,walking_speed,AMBIGUOUS_REQUIRES_REVIEW,"""walking_speed_mm_s_raw"": 2.5737123298753577,",NONE_UNTIL_REVIEW,walking_speed is not a canonical endpoint,AMBIGUOUS_REQUIRES_REVIEW
experiments/gate_18_movement_verified_rollout/manifests/movement_verified_rollout_manifest.json,26,walking_speed,AMBIGUOUS_REQUIRES_REVIEW,"""walking_speed"": ""PASS"",",NONE_UNTIL_REVIEW,walking_speed is not a canonical endpoint,AMBIGUOUS_REQUIRES_REVIEW
experiments/gate_18_movement_verified_rollout/manifests/movement_verified_rollout_manifest.json,78,walking_speed,AMBIGUOUS_REQUIRES_REVIEW,"""walking_speed_mm_s"": 2.738350530553187,",NONE_UNTIL_REVIEW,walking_speed is not a canonical endpoint,AMBIGUOUS_REQUIRES_REVIEW
experiments/gate_18_movement_verified_rollout/results/movement_verified_summary.csv,7,walking_speed,AMBIGUOUS_REQUIRES_REVIEW,"walking_speed,2.738350530553187,mm/s,PASS,""Metrics pipeline""",NONE_UNTIL_REVIEW,walking_speed is not a canonical endpoint,AMBIGUOUS_REQUIRES_REVIEW
experiments/gate_18_movement_verified_rollout/results/movement_verified_summary.csv,8,walking_speed,AMBIGUOUS_REQUIRES_REVIEW,"walking_speed_max,32.2898516276488,mm/s,PASS,""Metrics pipeline""",NONE_UNTIL_REVIEW,walking_speed is not a canonical endpoint,AMBIGUOUS_REQUIRES_REVIEW
experiments/gate_18_movement_verified_rollout/results/movement_verified_summary.json,20,walking_speed,AMBIGUOUS_REQUIRES_REVIEW,"""walking_speed_mm_s"": 2.738350530553187,",NONE_UNTIL_REVIEW,walking_speed is not a canonical endpoint,AMBIGUOUS_REQUIRES_REVIEW
experiments/gate_18_movement_verified_rollout/results/movement_verified_summary.json,21,walking_speed,AMBIGUOUS_REQUIRES_REVIEW,"""walking_speed_max_mm_s"": 32.2898516276488,",NONE_UNTIL_REVIEW,walking_speed is not a canonical endpoint,AMBIGUOUS_REQUIRES_REVIEW
experiments/gate_19_healthy_baseline/configs/healthy_baseline_multiseed.yaml,36,walking_speed,AMBIGUOUS_REQUIRES_REVIEW,- walking_speed_mm_s,NONE_UNTIL_REVIEW,walking_speed is not a canonical endpoint,AMBIGUOUS_REQUIRES_REVIEW
experiments/gate_20_disease_exploratory_proxy/configs/disease_exploratory_proxy_multiseed.yaml,46,walking_speed,AMBIGUOUS_REQUIRES_REVIEW,- walking_speed_mm_s,NONE_UNTIL_REVIEW,walking_speed is not a canonical endpoint,AMBIGUOUS_REQUIRES_REVIEW
experiments/gate_21_parkin_class_level_rollout/manifests/gate21_execution_manifest.json,175,walking_speed,AMBIGUOUS_REQUIRES_REVIEW,"""walking_speed_mm_s"": 2.8147900404746955,",NONE_UNTIL_REVIEW,walking_speed is not a canonical endpoint,AMBIGUOUS_REQUIRES_REVIEW
experiments/gate_21_parkin_class_level_rollout/manifests/gate21_execution_manifest.json,176,walking_speed,AMBIGUOUS_REQUIRES_REVIEW,"""walking_speed_max_mm_s"": 32.2898516276488,",NONE_UNTIL_REVIEW,walking_speed is not a canonical endpoint,AMBIGUOUS_REQUIRES_REVIEW
experiments/gate_21_parkin_class_level_rollout/manifests/gate21_execution_manifest.json,220,walking_speed,AMBIGUOUS_REQUIRES_REVIEW,"""walking_speed_mm_s"": 2.751075909819597,",NONE_UNTIL_REVIEW,walking_speed is not a canonical endpoint,AMBIGUOUS_REQUIRES_REVIEW
experiments/gate_21_parkin_class_level_rollout/manifests/gate21_execution_manifest.json,221,walking_speed,AMBIGUOUS_REQUIRES_REVIEW,"""walking_speed_max_mm_s"": 21.376162684017224,",NONE_UNTIL_REVIEW,walking_speed is not a canonical endpoint,AMBIGUOUS_REQUIRES_REVIEW
experiments/gate_21_parkin_class_level_rollout/manifests/gate21_execution_manifest.json,265,walking_speed,AMBIGUOUS_REQUIRES_REVIEW,"""walking_speed_mm_s"": 3.3043165130501264,",NONE_UNTIL_REVIEW,walking_speed is not a canonical endpoint,AMBIGUOUS_REQUIRES_REVIEW
experiments/gate_21_parkin_class_level_rollout/manifests/gate21_execution_manifest.json,266,walking_speed,AMBIGUOUS_REQUIRES_REVIEW,"""walking_speed_max_mm_s"": 35.97751396720416,",NONE_UNTIL_REVIEW,walking_speed is not a canonical endpoint,AMBIGUOUS_REQUIRES_REVIEW
experiments/gate_21_parkin_class_level_rollout/manifests/gate21_execution_manifest.json,310,walking_speed,AMBIGUOUS_REQUIRES_REVIEW,"""walking_speed_mm_s"": 3.30745541859186,",NONE_UNTIL_REVIEW,walking_speed is not a canonical endpoint,AMBIGUOUS_REQUIRES_REVIEW
experiments/gate_21_parkin_class_level_rollout/manifests/gate21_execution_manifest.json,311,walking_speed,AMBIGUOUS_REQUIRES_REVIEW,"""walking_speed_max_mm_s"": 36.94808405829204,",NONE_UNTIL_REVIEW,walking_speed is not a canonical endpoint,AMBIGUOUS_REQUIRES_REVIEW
experiments/gate_21_parkin_class_level_rollout/manifests/gate21_execution_manifest.json,355,walking_speed,AMBIGUOUS_REQUIRES_REVIEW,"""walking_speed_mm_s"": 3.07981684120186,",NONE_UNTIL_REVIEW,walking_speed is not a canonical endpoint,AMBIGUOUS_REQUIRES_REVIEW
experiments/gate_21_parkin_class_level_rollout/manifests/gate21_execution_manifest.json,356,walking_speed,AMBIGUOUS_REQUIRES_REVIEW,"""walking_speed_max_mm_s"": 36.16497771132325,",NONE_UNTIL_REVIEW,walking_speed is not a canonical endpoint,AMBIGUOUS_REQUIRES_REVIEW
experiments/gate_21_parkin_class_level_rollout/manifests/gate21_execution_manifest.json,400,walking_speed,AMBIGUOUS_REQUIRES_REVIEW,"""walking_speed_mm_s"": 2.818239350851205,",NONE_UNTIL_REVIEW,walking_speed is not a canonical endpoint,AMBIGUOUS_REQUIRES_REVIEW
experiments/gate_21_parkin_class_level_rollout/manifests/gate21_execution_manifest.json,401,walking_speed,AMBIGUOUS_REQUIRES_REVIEW,"""walking_speed_max_mm_s"": 32.2898516276488,",NONE_UNTIL_REVIEW,walking_speed is not a canonical endpoint,AMBIGUOUS_REQUIRES_REVIEW
experiments/gate_21_parkin_class_level_rollout/manifests/gate21_execution_manifest.json,445,walking_speed,AMBIGUOUS_REQUIRES_REVIEW,"""walking_speed_mm_s"": 2.751075909819597,",NONE_UNTIL_REVIEW,walking_speed is not a canonical endpoint,AMBIGUOUS_REQUIRES_REVIEW
experiments/gate_21_parkin_class_level_rollout/manifests/gate21_execution_manifest.json,446,walking_speed,AMBIGUOUS_REQUIRES_REVIEW,"""walking_speed_max_mm_s"": 21.376162684017224,",NONE_UNTIL_REVIEW,walking_speed is not a canonical endpoint,AMBIGUOUS_REQUIRES_REVIEW
experiments/gate_21_parkin_class_level_rollout/manifests/gate21_execution_manifest.json,490,walking_speed,AMBIGUOUS_REQUIRES_REVIEW,"""walking_speed_mm_s"": 3.360778036179094,",NONE_UNTIL_REVIEW,walking_speed is not a canonical endpoint,AMBIGUOUS_REQUIRES_REVIEW
experiments/gate_21_parkin_class_level_rollout/manifests/gate21_execution_manifest.json,491,walking_speed,AMBIGUOUS_REQUIRES_REVIEW,"""walking_speed_max_mm_s"": 35.97751396720416,",NONE_UNTIL_REVIEW,walking_speed is not a canonical endpoint,AMBIGUOUS_REQUIRES_REVIEW
experiments/gate_21_parkin_class_level_rollout/manifests/gate21_execution_manifest.json,535,walking_speed,AMBIGUOUS_REQUIRES_REVIEW,"""walking_speed_mm_s"": 3.3074038043233194,",NONE_UNTIL_REVIEW,walking_speed is not a canonical endpoint,AMBIGUOUS_REQUIRES_REVIEW
experiments/gate_21_parkin_class_level_rollout/manifests/gate21_execution_manifest.json,536,walking_speed,AMBIGUOUS_REQUIRES_REVIEW,"""walking_speed_max_mm_s"": 36.94808405829204,",NONE_UNTIL_REVIEW,walking_speed is not a canonical endpoint,AMBIGUOUS_REQUIRES_REVIEW
experiments/gate_21_parkin_class_level_rollout/manifests/gate21_execution_manifest.json,580,walking_speed,AMBIGUOUS_REQUIRES_REVIEW,"""walking_speed_mm_s"": 3.07981684120186,",NONE_UNTIL_REVIEW,walking_speed is not a canonical endpoint,AMBIGUOUS_REQUIRES_REVIEW
experiments/gate_21_parkin_class_level_rollout/manifests/gate21_execution_manifest.json,581,walking_speed,AMBIGUOUS_REQUIRES_REVIEW,"""walking_speed_max_mm_s"": 36.16497771132325,",NONE_UNTIL_REVIEW,walking_speed is not a canonical endpoint,AMBIGUOUS_REQUIRES_REVIEW
experiments/gate_21_parkin_class_level_rollout/manifests/gate21_execution_manifest.json,625,walking_speed,AMBIGUOUS_REQUIRES_REVIEW,"""walking_speed_mm_s"": 2.818635350885854,",NONE_UNTIL_REVIEW,walking_speed is not a canonical endpoint,AMBIGUOUS_REQUIRES_REVIEW
experiments/gate_21_parkin_class_level_rollout/manifests/gate21_execution_manifest.json,626,walking_speed,AMBIGUOUS_REQUIRES_REVIEW,"""walking_speed_max_mm_s"": 32.2898516276488,",NONE_UNTIL_REVIEW,walking_speed is not a canonical endpoint,AMBIGUOUS_REQUIRES_REVIEW
experiments/gate_21_parkin_class_level_rollout/manifests/gate21_execution_manifest.json,670,walking_speed,AMBIGUOUS_REQUIRES_REVIEW,"""walking_speed_mm_s"": 2.7487231546624735,",NONE_UNTIL_REVIEW,walking_speed is not a canonical endpoint,AMBIGUOUS_REQUIRES_REVIEW
experiments/gate_21_parkin_class_level_rollout/manifests/gate21_execution_manifest.json,671,walking_speed,AMBIGUOUS_REQUIRES_REVIEW,"""walking_speed_max_mm_s"": 21.376162684017224,",NONE_UNTIL_REVIEW,walking_speed is not a canonical endpoint,AMBIGUOUS_REQUIRES_REVIEW
experiments/gate_21_parkin_class_level_rollout/manifests/gate21_execution_manifest.json,715,walking_speed,AMBIGUOUS_REQUIRES_REVIEW,"""walking_speed_mm_s"": 3.313316851651565,",NONE_UNTIL_REVIEW,walking_speed is not a canonical endpoint,AMBIGUOUS_REQUIRES_REVIEW
experiments/gate_21_parkin_class_level_rollout/manifests/gate21_execution_manifest.json,716,walking_speed,AMBIGUOUS_REQUIRES_REVIEW,"""walking_speed_max_mm_s"": 35.97751396720416,",NONE_UNTIL_REVIEW,walking_speed is not a canonical endpoint,AMBIGUOUS_REQUIRES_REVIEW
experiments/gate_21_parkin_class_level_rollout/manifests/gate21_execution_manifest.json,760,walking_speed,AMBIGUOUS_REQUIRES_REVIEW,"""walking_speed_mm_s"": 3.287754487596602,",NONE_UNTIL_REVIEW,walking_speed is not a canonical endpoint,AMBIGUOUS_REQUIRES_REVIEW
experiments/gate_21_parkin_class_level_rollout/manifests/gate21_execution_manifest.json,761,walking_speed,AMBIGUOUS_REQUIRES_REVIEW,"""walking_speed_max_mm_s"": 36.94808405829204,",NONE_UNTIL_REVIEW,walking_speed is not a canonical endpoint,AMBIGUOUS_REQUIRES_REVIEW
experiments/gate_21_parkin_class_level_rollout/manifests/gate21_execution_manifest.json,805,walking_speed,AMBIGUOUS_REQUIRES_REVIEW,"""walking_speed_mm_s"": 3.079867333551361,",NONE_UNTIL_REVIEW,walking_speed is not a canonical endpoint,AMBIGUOUS_REQUIRES_REVIEW
experiments/gate_21_parkin_class_level_rollout/manifests/gate21_execution_manifest.json,806,walking_speed,AMBIGUOUS_REQUIRES_REVIEW,"""walking_speed_max_mm_s"": 36.16497771132325,",NONE_UNTIL_REVIEW,walking_speed is not a canonical endpoint,AMBIGUOUS_REQUIRES_REVIEW
experiments/gate_21_parkin_class_level_rollout/manifests/gate21_execution_manifest.json,850,walking_speed,AMBIGUOUS_REQUIRES_REVIEW,"""walking_speed_mm_s"": 2.8560912775289364,",NONE_UNTIL_REVIEW,walking_speed is not a canonical endpoint,AMBIGUOUS_REQUIRES_REVIEW
experiments/gate_21_parkin_class_level_rollout/manifests/gate21_execution_manifest.json,851,walking_speed,AMBIGUOUS_REQUIRES_REVIEW,"""walking_speed_max_mm_s"": 32.2898516276488,",NONE_UNTIL_REVIEW,walking_speed is not a canonical endpoint,AMBIGUOUS_REQUIRES_REVIEW
experiments/gate_21_parkin_class_level_rollout/manifests/gate21_execution_manifest.json,895,walking_speed,AMBIGUOUS_REQUIRES_REVIEW,"""walking_speed_mm_s"": 2.7487267750684903,",NONE_UNTIL_REVIEW,walking_speed is not a canonical endpoint,AMBIGUOUS_REQUIRES_REVIEW
experiments/gate_21_parkin_class_level_rollout/manifests/gate21_execution_manifest.json,896,walking_speed,AMBIGUOUS_REQUIRES_REVIEW,"""walking_speed_max_mm_s"": 21.376162684017224,",NONE_UNTIL_REVIEW,walking_speed is not a canonical endpoint,AMBIGUOUS_REQUIRES_REVIEW
experiments/gate_21_parkin_class_level_rollout/manifests/gate21_execution_manifest.json,940,walking_speed,AMBIGUOUS_REQUIRES_REVIEW,"""walking_speed_mm_s"": 3.3100288083858924,",NONE_UNTIL_REVIEW,walking_speed is not a canonical endpoint,AMBIGUOUS_REQUIRES_REVIEW
experiments/gate_21_parkin_class_level_rollout/manifests/gate21_execution_manifest.json,941,walking_speed,AMBIGUOUS_REQUIRES_REVIEW,"""walking_speed_max_mm_s"": 35.97751396720416,",NONE_UNTIL_REVIEW,walking_speed is not a canonical endpoint,AMBIGUOUS_REQUIRES_REVIEW
experiments/gate_21_parkin_class_level_rollout/manifests/gate21_execution_manifest.json,985,walking_speed,AMBIGUOUS_REQUIRES_REVIEW,"""walking_speed_mm_s"": 3.287754487596602,",NONE_UNTIL_REVIEW,walking_speed is not a canonical endpoint,AMBIGUOUS_REQUIRES_REVIEW
experiments/gate_21_parkin_class_level_rollout/manifests/gate21_execution_manifest.json,986,walking_speed,AMBIGUOUS_REQUIRES_REVIEW,"""walking_speed_max_mm_s"": 36.94808405829204,",NONE_UNTIL_REVIEW,walking_speed is not a canonical endpoint,AMBIGUOUS_REQUIRES_REVIEW
experiments/gate_21_parkin_class_level_rollout/manifests/gate21_execution_manifest.json,1030,walking_speed,AMBIGUOUS_REQUIRES_REVIEW,"""walking_speed_mm_s"": 3.079867333551361,",NONE_UNTIL_REVIEW,walking_speed is not a canonical endpoint,AMBIGUOUS_REQUIRES_REVIEW
experiments/gate_21_parkin_class_level_rollout/manifests/gate21_execution_manifest.json,1031,walking_speed,AMBIGUOUS_REQUIRES_REVIEW,"""walking_speed_max_mm_s"": 36.16497771132325,",NONE_UNTIL_REVIEW,walking_speed is not a canonical endpoint,AMBIGUOUS_REQUIRES_REVIEW
experiments/gate_21_parkin_class_level_rollout/manifests/gate21_execution_manifest.json,1075,walking_speed,AMBIGUOUS_REQUIRES_REVIEW,"""walking_speed_mm_s"": 2.8186158281694564,",NONE_UNTIL_REVIEW,walking_speed is not a canonical endpoint,AMBIGUOUS_REQUIRES_REVIEW
experiments/gate_21_parkin_class_level_rollout/manifests/gate21_execution_manifest.json,1076,walking_speed,AMBIGUOUS_REQUIRES_REVIEW,"""walking_speed_max_mm_s"": 32.2898516276488,",NONE_UNTIL_REVIEW,walking_speed is not a canonical endpoint,AMBIGUOUS_REQUIRES_REVIEW
experiments/gate_21_parkin_class_level_rollout/manifests/gate21_execution_manifest.json,1120,walking_speed,AMBIGUOUS_REQUIRES_REVIEW,"""walking_speed_mm_s"": 2.7487267750684903,",NONE_UNTIL_REVIEW,walking_speed is not a canonical endpoint,AMBIGUOUS_REQUIRES_REVIEW
experiments/gate_21_parkin_class_level_rollout/manifests/gate21_execution_manifest.json,1121,walking_speed,AMBIGUOUS_REQUIRES_REVIEW,"""walking_speed_max_mm_s"": 21.376162684017224,",NONE_UNTIL_REVIEW,walking_speed is not a canonical endpoint,AMBIGUOUS_REQUIRES_REVIEW
experiments/gate_21_parkin_class_level_rollout/manifests/gate21_execution_manifest.json,1165,walking_speed,AMBIGUOUS_REQUIRES_REVIEW,"""walking_speed_mm_s"": 3.3100288083858924,",NONE_UNTIL_REVIEW,walking_speed is not a canonical endpoint,AMBIGUOUS_REQUIRES_REVIEW
experiments/gate_21_parkin_class_level_rollout/manifests/gate21_execution_manifest.json,1166,walking_speed,AMBIGUOUS_REQUIRES_REVIEW,"""walking_speed_max_mm_s"": 35.97751396720416,",NONE_UNTIL_REVIEW,walking_speed is not a canonical endpoint,AMBIGUOUS_REQUIRES_REVIEW
experiments/gate_21_parkin_class_level_rollout/manifests/gate21_execution_manifest.json,1210,walking_speed,AMBIGUOUS_REQUIRES_REVIEW,"""walking_speed_mm_s"": 3.287754487596602,",NONE_UNTIL_REVIEW,walking_speed is not a canonical endpoint,AMBIGUOUS_REQUIRES_REVIEW
experiments/gate_21_parkin_class_level_rollout/manifests/gate21_execution_manifest.json,1211,walking_speed,AMBIGUOUS_REQUIRES_REVIEW,"""walking_speed_max_mm_s"": 36.94808405829204,",NONE_UNTIL_REVIEW,walking_speed is not a canonical endpoint,AMBIGUOUS_REQUIRES_REVIEW
experiments/gate_21_parkin_class_level_rollout/manifests/gate21_execution_manifest.json,1255,walking_speed,AMBIGUOUS_REQUIRES_REVIEW,"""walking_speed_mm_s"": 3.079867333551361,",NONE_UNTIL_REVIEW,walking_speed is not a canonical endpoint,AMBIGUOUS_REQUIRES_REVIEW
experiments/gate_21_parkin_class_level_rollout/manifests/gate21_execution_manifest.json,1256,walking_speed,AMBIGUOUS_REQUIRES_REVIEW,"""walking_speed_max_mm_s"": 36.16497771132325,",NONE_UNTIL_REVIEW,walking_speed is not a canonical endpoint,AMBIGUOUS_REQUIRES_REVIEW
experiments/gate_21_parkin_class_level_rollout/manifests/gate21_execution_metrics.csv,1,walking_speed,LEGACY_ALIAS_UNPROVEN,"action_trajectory_valid,analysis_version,body_orientation_variance_rad2,burden_label,burden_level,com_velocity_mean_mm_s,condition_id,contact_detected,displacement_mm,distance_traveled_mm,duration_s,frame_count,gene_specific_mapping,heading",NONE_UNTIL_REVIEW,definition does not prove equivalence,LEGACY_ALIAS_UNPROVEN
experiments/gate_21_parkin_class_level_rollout/manifests/gate21_execution_metrics.csv,1,walking_speed,LEGACY_ALIAS_UNPROVEN,"action_trajectory_valid,analysis_version,body_orientation_variance_rad2,burden_label,burden_level,com_velocity_mean_mm_s,condition_id,contact_detected,displacement_mm,distance_traveled_mm,duration_s,frame_count,gene_specific_mapping,heading",NONE_UNTIL_REVIEW,definition does not prove equivalence,LEGACY_ALIAS_UNPROVEN
experiments/gate_22_parkin_healthy_comparison/configs/parkin_healthy_comparison.yaml,15,walking_speed,AMBIGUOUS_REQUIRES_REVIEW,- walking_speed_mm_s,NONE_UNTIL_REVIEW,walking_speed is not a canonical endpoint,AMBIGUOUS_REQUIRES_REVIEW
experiments/gate_22_parkin_healthy_comparison/configs/parkin_healthy_comparison.yaml,22,walking_speed,AMBIGUOUS_REQUIRES_REVIEW,- walking_speed_max_mm_s,NONE_UNTIL_REVIEW,walking_speed is not a canonical endpoint,AMBIGUOUS_REQUIRES_REVIEW
experiments/gate_22_parkin_healthy_comparison/manifests/gate22_comparison.csv,5,walking_speed,AMBIGUOUS_REQUIRES_REVIEW,"parkin_class_level_exploratory,0.0,walking_speed_mm_s,matched_rollout_seed,5,5,3.051490944627628,0.2629246315782365,3.051490944627628,0.2629246315782365,0.0,0.0,0.0,0.0,0.0,PASS,PASS",NONE_UNTIL_REVIEW,walking_speed is not a canonical endpoint,AMBIGUOUS_REQUIRES_REVIEW
experiments/gate_22_parkin_healthy_comparison/manifests/gate22_comparison.csv,12,walking_speed,AMBIGUOUS_REQUIRES_REVIEW,"parkin_class_level_exploratory,0.0,walking_speed_max_mm_s,matched_rollout_seed,5,5,32.55131800969709,6.5015645825924935,32.55131800969709,6.5015645825924935,0.0,0.0,0.0,0.0,0.0,PASS,PASS",NONE_UNTIL_REVIEW,walking_speed is not a canonical endpoint,AMBIGUOUS_REQUIRES_REVIEW
experiments/gate_22_parkin_healthy_comparison/manifests/gate22_comparison.csv,16,walking_speed,AMBIGUOUS_REQUIRES_REVIEW,"parkin_class_level_exploratory,0.25,walking_speed_mm_s,matched_rollout_seed,5,5,3.051490944627628,0.2629246315782365,3.0634627884750154,0.2765371254855062,0.011971843847387387,0.02491575191830483,0.011142662999970077,0.0036594040137969052,0",NONE_UNTIL_REVIEW,walking_speed is not a canonical endpoint,AMBIGUOUS_REQUIRES_REVIEW
experiments/gate_22_parkin_healthy_comparison/manifests/gate22_comparison.csv,23,walking_speed,AMBIGUOUS_REQUIRES_REVIEW,"parkin_class_level_exploratory,0.25,walking_speed_max_mm_s,matched_rollout_seed,5,5,32.55131800969709,6.5015645825924935,32.55131800969709,6.5015645825924935,0.0,0.0,0.0,0.0,0.0,PASS,PASS",NONE_UNTIL_REVIEW,walking_speed is not a canonical endpoint,AMBIGUOUS_REQUIRES_REVIEW
experiments/gate_22_parkin_healthy_comparison/manifests/gate22_comparison.csv,27,walking_speed,AMBIGUOUS_REQUIRES_REVIEW,"parkin_class_level_exploratory,0.5,walking_speed_mm_s,matched_rollout_seed,5,5,3.051490944627628,0.2629246315782365,3.0496594356695708,0.2603131656416033,-0.0018315089580566379,0.010870660860409487,0.004861507328844393,-0.000541083702722771",NONE_UNTIL_REVIEW,walking_speed is not a canonical endpoint,AMBIGUOUS_REQUIRES_REVIEW
experiments/gate_22_parkin_healthy_comparison/manifests/gate22_comparison.csv,34,walking_speed,AMBIGUOUS_REQUIRES_REVIEW,"parkin_class_level_exploratory,0.5,walking_speed_max_mm_s,matched_rollout_seed,5,5,32.55131800969709,6.5015645825924935,32.55131800969709,6.5015645825924935,0.0,0.0,0.0,0.0,0.0,PASS,PASS",NONE_UNTIL_REVIEW,walking_speed is not a canonical endpoint,AMBIGUOUS_REQUIRES_REVIEW
experiments/gate_22_parkin_healthy_comparison/manifests/gate22_comparison.csv,38,walking_speed,AMBIGUOUS_REQUIRES_REVIEW,"parkin_class_level_exploratory,0.75,walking_speed_mm_s,matched_rollout_seed,5,5,3.051490944627628,0.2629246315782365,3.056493736426256,0.25158971601771685,0.005002791798628614,0.0223993891487448,0.010017311358212903,0.0019215300455919277,0.",NONE_UNTIL_REVIEW,walking_speed is not a canonical endpoint,AMBIGUOUS_REQUIRES_REVIEW
experiments/gate_22_parkin_healthy_comparison/manifests/gate22_comparison.csv,45,walking_speed,AMBIGUOUS_REQUIRES_REVIEW,"parkin_class_level_exploratory,0.75,walking_speed_max_mm_s,matched_rollout_seed,5,5,32.55131800969709,6.5015645825924935,32.55131800969709,6.5015645825924935,0.0,0.0,0.0,0.0,0.0,PASS,PASS",NONE_UNTIL_REVIEW,walking_speed is not a canonical endpoint,AMBIGUOUS_REQUIRES_REVIEW
experiments/gate_22_parkin_healthy_comparison/manifests/gate22_comparison.csv,49,walking_speed,AMBIGUOUS_REQUIRES_REVIEW,"parkin_class_level_exploratory,1.0,walking_speed_mm_s,matched_rollout_seed,5,5,3.051490944627628,0.2629246315782365,3.0489986465543604,0.2594867109637318,-0.0024922980732673848,0.010122461245844214,0.004526902289062974,-0.000741222686982045",NONE_UNTIL_REVIEW,walking_speed is not a canonical endpoint,AMBIGUOUS_REQUIRES_REVIEW
experiments/gate_22_parkin_healthy_comparison/manifests/gate22_comparison.csv,56,walking_speed,AMBIGUOUS_REQUIRES_REVIEW,"parkin_class_level_exploratory,1.0,walking_speed_max_mm_s,matched_rollout_seed,5,5,32.55131800969709,6.5015645825924935,32.55131800969709,6.5015645825924935,0.0,0.0,0.0,0.0,0.0,PASS,PASS",NONE_UNTIL_REVIEW,walking_speed is not a canonical endpoint,AMBIGUOUS_REQUIRES_REVIEW
experiments/gate_22_parkin_healthy_comparison/manifests/gate22_comparison_manifest.json,31,walking_speed,AMBIGUOUS_REQUIRES_REVIEW,"""walking_speed_mm_s"",",NONE_UNTIL_REVIEW,walking_speed is not a canonical endpoint,AMBIGUOUS_REQUIRES_REVIEW
experiments/gate_22_parkin_healthy_comparison/manifests/gate22_comparison_manifest.json,38,walking_speed,AMBIGUOUS_REQUIRES_REVIEW,"""walking_speed_max_mm_s""",NONE_UNTIL_REVIEW,walking_speed is not a canonical endpoint,AMBIGUOUS_REQUIRES_REVIEW
experiments/gate_22_parkin_healthy_comparison/manifests/gate22_comparison_summary.json,29,walking_speed,AMBIGUOUS_REQUIRES_REVIEW,"""walking_speed_mm_s"",",NONE_UNTIL_REVIEW,walking_speed is not a canonical endpoint,AMBIGUOUS_REQUIRES_REVIEW
experiments/gate_22_parkin_healthy_comparison/manifests/gate22_comparison_summary.json,36,walking_speed,AMBIGUOUS_REQUIRES_REVIEW,"""walking_speed_max_mm_s""",NONE_UNTIL_REVIEW,walking_speed is not a canonical endpoint,AMBIGUOUS_REQUIRES_REVIEW
experiments/literature_constrained/configs/chen_alpha_syn_calibration.yaml,8,walking_speed,AMBIGUOUS_REQUIRES_REVIEW,record_id: chen_2014_adult_walking_speed,NONE_UNTIL_REVIEW,walking_speed is not a canonical endpoint,AMBIGUOUS_REQUIRES_REVIEW
experiments/literature_constrained/configs/chen_alpha_syn_calibration.yaml,12,walking_speed,AMBIGUOUS_REQUIRES_REVIEW,- research/paper_review/digitized/chen_2014_adult_walking_speed.csv,NONE_UNTIL_REVIEW,walking_speed is not a canonical endpoint,AMBIGUOUS_REQUIRES_REVIEW
research/disease_mapping/disease_condition_readiness.csv,2,walking_speed,AMBIGUOUS_REQUIRES_REVIEW,"healthy_baseline,healthy,configs/healthy_baseline_reproducible.yaml,NOT_APPLICABLE,NOT_REQUIRED,READY,Real FlyGym brain-body rollout completed for seeds 0-4,""walking_speed; thorax_displacement; planar_path_length; trajectory_efficiency; hea",NONE_UNTIL_REVIEW,walking_speed is not a canonical endpoint,AMBIGUOUS_REQUIRES_REVIEW
research/paper_review/full_target_survey_matrix.csv,45,walking_speed,AMBIGUOUS_REQUIRES_REVIEW,"""expanded_023_kajtor_2025_parkin_ddc"",""kajtor_2025_parkin_ddc"",""validation_candidate"",""parkin"",""not_extracted_in_expanded_survey_schema"",""14"",""not_reported"",""Single-animal threat assay with passing-shadow stimulus"",""pre_stimulus_walking_spe",NONE_UNTIL_REVIEW,walking_speed is not a canonical endpoint,AMBIGUOUS_REQUIRES_REVIEW
research/paper_review/full_target_survey_matrix.csv,46,walking_speed,AMBIGUOUS_REQUIRES_REVIEW,"""expanded_024_kajtor_2025_alpha_syn_ddc"",""kajtor_2025_alpha_syn_ddc"",""validation_candidate"",""alpha_synuclein"",""not_extracted_in_expanded_survey_schema"",""14"",""not_reported"",""Single-animal threat assay with passing-shadow stimulus"",""pre_stimu",NONE_UNTIL_REVIEW,walking_speed is not a canonical endpoint,AMBIGUOUS_REQUIRES_REVIEW
research/paper_review/full_target_survey_matrix.csv,47,walking_speed,AMBIGUOUS_REQUIRES_REVIEW,"""expanded_025_kajtor_2025_parkin_np6510"",""kajtor_2025_parkin_np6510"",""validation_candidate"",""parkin"",""not_extracted_in_expanded_survey_schema"",""14"",""not_reported"",""Single-animal threat assay with passing-shadow stimulus"",""pre_stimulus_walki",NONE_UNTIL_REVIEW,walking_speed is not a canonical endpoint,AMBIGUOUS_REQUIRES_REVIEW
research/paper_review/full_target_survey_matrix.csv,48,walking_speed,AMBIGUOUS_REQUIRES_REVIEW,"""expanded_026_kajtor_2025_alpha_syn_np6510"",""kajtor_2025_alpha_syn_np6510"",""validation_candidate"",""alpha_synuclein"",""not_extracted_in_expanded_survey_schema"",""14"",""not_reported"",""Single-animal threat assay with passing-shadow stimulus"",""pre",NONE_UNTIL_REVIEW,walking_speed is not a canonical endpoint,AMBIGUOUS_REQUIRES_REVIEW
research/paper_review/gate_07_reviewer_signoff_ready_report.md,39,walking_speed,AMBIGUOUS_REQUIRES_REVIEW,- Provenance: `research/paper_review/digitized/chen_2014_adult_walking_speed.csv`.,NONE_UNTIL_REVIEW,walking_speed is not a canonical endpoint,AMBIGUOUS_REQUIRES_REVIEW
research/paper_review/gate_08_authorized_reviewer_signoff.md,34,walking_speed,AMBIGUOUS_REQUIRES_REVIEW,- Provenance: `research/paper_review/digitized/chen_2014_adult_walking_speed.csv`.,NONE_UNTIL_REVIEW,walking_speed is not a canonical endpoint,AMBIGUOUS_REQUIRES_REVIEW
research/paper_review/gate_08_ready_for_calibration_promotion_report.md,47,walking_speed,AMBIGUOUS_REQUIRES_REVIEW,- Provenance: `research/paper_review/digitized/chen_2014_adult_walking_speed.csv`.,NONE_UNTIL_REVIEW,walking_speed is not a canonical endpoint,AMBIGUOUS_REQUIRES_REVIEW
research/paper_review/gate_09_metric_review/chen_2014_metric_review_completed.csv,2,walking_speed,LEGACY_ALIAS_UNPROVEN,"chen_2014_adult_walking,""Walking deficits and centrophobism in an alpha-synuclein fly model of Parkinson's disease"",""research/paper_review/digitized/chen_2014_adult_walking_speed.csv"",""Figure 4"",""f"",""Old A30P"",""A30P"",30,male,""adult horizont",NONE_UNTIL_REVIEW,definition does not prove equivalence,LEGACY_ALIAS_UNPROVEN
research/paper_review/gate_09_metric_review/chen_2014_metric_review_completed.csv,2,walking_speed,LEGACY_ALIAS_UNPROVEN,"chen_2014_adult_walking,""Walking deficits and centrophobism in an alpha-synuclein fly model of Parkinson's disease"",""research/paper_review/digitized/chen_2014_adult_walking_speed.csv"",""Figure 4"",""f"",""Old A30P"",""A30P"",30,male,""adult horizont",NONE_UNTIL_REVIEW,definition does not prove equivalence,LEGACY_ALIAS_UNPROVEN
research/paper_review/gate_09_metric_review/chen_2014_metric_review_template.csv,2,walking_speed,LEGACY_ALIAS_UNPROVEN,"chen_2014_adult_walking,""Walking deficits and centrophobism in an alpha-synuclein fly model of Parkinson's disease"",""research/paper_review/digitized/chen_2014_adult_walking_speed.csv"",""Figure 4"",""f"",""Old A30P"",""A30P"",30,male,""adult horizont",NONE_UNTIL_REVIEW,definition does not prove equivalence,LEGACY_ALIAS_UNPROVEN
research/paper_review/gate_09_metric_review/chen_2014_metric_review_template.csv,2,walking_speed,LEGACY_ALIAS_UNPROVEN,"chen_2014_adult_walking,""Walking deficits and centrophobism in an alpha-synuclein fly model of Parkinson's disease"",""research/paper_review/digitized/chen_2014_adult_walking_speed.csv"",""Figure 4"",""f"",""Old A30P"",""A30P"",30,male,""adult horizont",NONE_UNTIL_REVIEW,definition does not prove equivalence,LEGACY_ALIAS_UNPROVEN
research/paper_review/gate_09_metric_review/gate_09b_completed_reviewer_signoff.md,17,walking_speed,AMBIGUOUS_REQUIRES_REVIEW,- Provenance: `research/paper_review/digitized/chen_2014_adult_walking_speed.csv`,NONE_UNTIL_REVIEW,walking_speed is not a canonical endpoint,AMBIGUOUS_REQUIRES_REVIEW
research/paper_review/gate_09_metric_review/gate_09b_ready_for_calibration_report.md,17,walking_speed,AMBIGUOUS_REQUIRES_REVIEW,"Chen 2014 adult horizontal walking speed is the calibration target. The signed review accepts the source endpoint as adult horizontal walking speed/velocity, records the source value as `0.4875 cm/s`, converts it to `4.875 mm/s`, and retain",NONE_UNTIL_REVIEW,walking_speed is not a canonical endpoint,AMBIGUOUS_REQUIRES_REVIEW
research/paper_review/gate_09_metric_review/target_rows_draft_template.csv,2,walking_speed,LEGACY_ALIAS_UNPROVEN,"chen_2014_adult_walking,human_alpha_synuclein,A30P,30,male,adult horizontal walking,mean_planar_speed_mm_s,4.875,mm/s,CI95,0.525,20,Figure 4f,10.1111/gbb.12172; PMID:25113870; PMCID:PMC4262005,pending,""reviewer=CHUA_DIEN;review_date=CHUA_DI",NONE_UNTIL_REVIEW,definition does not prove equivalence,LEGACY_ALIAS_UNPROVEN
research/paper_review/gate_09_metric_review/target_rows_ready_to_promote.csv,2,walking_speed,LEGACY_ALIAS_UNPROVEN,"chen_2014_adult_walking,human_alpha_synuclein,A30P,30,male,""adult horizontal walking"",mean_planar_speed_mm_s,4.875,mm/s,CI95,0.525,20,Figure 4f,10.1111/gbb.12172; PMID:25113870; PMCID:PMC4262005,approved,""reviewer=Lê Tấn Vĩ;review_date=2026",NONE_UNTIL_REVIEW,definition does not prove equivalence,LEGACY_ALIAS_UNPROVEN
research/paper_review/gate_09_real_reviewer_signoff.md,17,walking_speed,AMBIGUOUS_REQUIRES_REVIEW,- Provenance: `research/paper_review/digitized/chen_2014_adult_walking_speed.csv`,NONE_UNTIL_REVIEW,walking_speed is not a canonical endpoint,AMBIGUOUS_REQUIRES_REVIEW
research/paper_review/gate_09b_ready_for_calibration_report.md,35,walking_speed,AMBIGUOUS_REQUIRES_REVIEW,- Provenance: `research/paper_review/digitized/chen_2014_adult_walking_speed.csv`.,NONE_UNTIL_REVIEW,walking_speed is not a canonical endpoint,AMBIGUOUS_REQUIRES_REVIEW
research/paper_review/literature_survey_expanded_targets.csv,24,walking_speed,AMBIGUOUS_REQUIRES_REVIEW,"kajtor_2025_parkin_ddc,""Altered reactivity to threatening stimuli in Drosophila models of Parkinson's disease"",2025,parkin,""Single-animal threat assay with passing-shadow stimulus"",pre_stimulus_walking_speed_mm_s,,mm/s,NOT_REPORTED,,78,fly,",NONE_UNTIL_REVIEW,walking_speed is not a canonical endpoint,AMBIGUOUS_REQUIRES_REVIEW
research/paper_review/literature_survey_expanded_targets.csv,25,walking_speed,AMBIGUOUS_REQUIRES_REVIEW,"kajtor_2025_alpha_syn_ddc,""Altered reactivity to threatening stimuli in Drosophila models of Parkinson's disease"",2025,alpha_synuclein,""Single-animal threat assay with passing-shadow stimulus"",pre_stimulus_walking_speed_mm_s,,mm/s,NOT_REPOR",NONE_UNTIL_REVIEW,walking_speed is not a canonical endpoint,AMBIGUOUS_REQUIRES_REVIEW
research/paper_review/literature_survey_expanded_targets.csv,26,walking_speed,AMBIGUOUS_REQUIRES_REVIEW,"kajtor_2025_parkin_np6510,""Altered reactivity to threatening stimuli in Drosophila models of Parkinson's disease"",2025,parkin,""Single-animal threat assay with passing-shadow stimulus"",pre_stimulus_walking_speed_mm_s,,mm/s,NOT_REPORTED,,170,",NONE_UNTIL_REVIEW,walking_speed is not a canonical endpoint,AMBIGUOUS_REQUIRES_REVIEW
research/paper_review/literature_survey_expanded_targets.csv,27,walking_speed,AMBIGUOUS_REQUIRES_REVIEW,"kajtor_2025_alpha_syn_np6510,""Altered reactivity to threatening stimuli in Drosophila models of Parkinson's disease"",2025,alpha_synuclein,""Single-animal threat assay with passing-shadow stimulus"",pre_stimulus_walking_speed_mm_s,,mm/s,NOT_RE",NONE_UNTIL_REVIEW,walking_speed is not a canonical endpoint,AMBIGUOUS_REQUIRES_REVIEW
research/paper_review/paper_analysis_vi.csv,2,walking_speed,AMBIGUOUS_REQUIRES_REVIEW,"riemensperger_speed_day5,riemensperger_2011_dopamine_deficiency,DTHgFS±; ple,5,female,Spontaneous walking in an open arena,walking_speed,mm/s,13 flies,Figure 2A,median plus quartiles and quantiles,,NOT_IDENTIFIED_IN_INTAKE,PENDING_ASSAY_TRA",NONE_UNTIL_REVIEW,walking_speed is not a canonical endpoint,AMBIGUOUS_REQUIRES_REVIEW
research/paper_review/paper_analysis_vi.csv,3,walking_speed,AMBIGUOUS_REQUIRES_REVIEW,"pokrzywa_alpha_speed_day1,pokrzywa_2017_alpha_syn_flytracker,w; +; UAS-Hsap/nSyb-Gal4,1,female,FlyTracker locomotion tracking in vials,walking_speed,mm/s,3-10 independent vials; 10 flies/vial; 2 sequences/vial averaged,Figure 2A,SE,,VERIFIE",NONE_UNTIL_REVIEW,walking_speed is not a canonical endpoint,AMBIGUOUS_REQUIRES_REVIEW
research/paper_review/paper_analysis_vi.csv,4,walking_speed,AMBIGUOUS_REQUIRES_REVIEW,"pokrzywa_alpha_speed_day21,pokrzywa_2017_alpha_syn_flytracker,w; +; UAS-Hsap/nSyb-Gal4,21,female,FlyTracker locomotion tracking in vials,walking_speed,mm/s,3-10 independent vials; 10 flies/vial; 2 sequences/vial averaged,Figure 2A,SE,,VERIF",NONE_UNTIL_REVIEW,walking_speed is not a canonical endpoint,AMBIGUOUS_REQUIRES_REVIEW
research/paper_review/paper_analysis_vi.csv,5,walking_speed,AMBIGUOUS_REQUIRES_REVIEW,"pokrzywa_control_speed_day1,pokrzywa_2017_alpha_syn_flytracker,w; +; UAS-Hsap/+,1,female,FlyTracker locomotion tracking in vials,walking_speed,mm/s,3-10 independent vials; 10 flies/vial; 2 sequences/vial averaged,Figure 2A,SE,,VERIFIED_SUPP",NONE_UNTIL_REVIEW,walking_speed is not a canonical endpoint,AMBIGUOUS_REQUIRES_REVIEW
research/paper_review/paper_analysis_vi.csv,6,walking_speed,AMBIGUOUS_REQUIRES_REVIEW,"pokrzywa_control_speed_day21,pokrzywa_2017_alpha_syn_flytracker,w; +; UAS-Hsap/+,21,female,FlyTracker locomotion tracking in vials,walking_speed,mm/s,3-10 independent vials; 10 flies/vial; 2 sequences/vial averaged,Figure 2A,SE,,VERIFIED_SU",NONE_UNTIL_REVIEW,walking_speed is not a canonical endpoint,AMBIGUOUS_REQUIRES_REVIEW
research/paper_review/target_adjudication_decisions.csv,24,walking_speed,AMBIGUOUS_REQUIRES_REVIEW,"""kajtor_2025_parkin_ddc"",""kajtor_2025_parkin_ddc"",""PENDING_HUMAN_SIGNOFF"",""pre_stimulus_walking_speed_mm_s"","""",""mm/s"",""NOT_REPORTED"","""",""78"",""fly"",""TRANSFER_REVIEW_REQUIRED"",""validation_candidate"",""The article reports a 0.2-second pre-threa",NONE_UNTIL_REVIEW,walking_speed is not a canonical endpoint,AMBIGUOUS_REQUIRES_REVIEW
research/paper_review/target_adjudication_decisions.csv,25,walking_speed,AMBIGUOUS_REQUIRES_REVIEW,"""kajtor_2025_alpha_syn_ddc"",""kajtor_2025_alpha_syn_ddc"",""PENDING_HUMAN_SIGNOFF"",""pre_stimulus_walking_speed_mm_s"","""",""mm/s"",""NOT_REPORTED"","""",""69"",""fly"",""TRANSFER_REVIEW_REQUIRED"",""validation_candidate"",""The article reports a 0.2-second pre",NONE_UNTIL_REVIEW,walking_speed is not a canonical endpoint,AMBIGUOUS_REQUIRES_REVIEW
research/paper_review/target_adjudication_decisions.csv,26,walking_speed,AMBIGUOUS_REQUIRES_REVIEW,"""kajtor_2025_parkin_np6510"",""kajtor_2025_parkin_np6510"",""PENDING_HUMAN_SIGNOFF"",""pre_stimulus_walking_speed_mm_s"","""",""mm/s"",""NOT_REPORTED"","""",""170"",""fly"",""TRANSFER_REVIEW_REQUIRED"",""validation_candidate"",""The paper reports a percentage spee",NONE_UNTIL_REVIEW,walking_speed is not a canonical endpoint,AMBIGUOUS_REQUIRES_REVIEW
research/paper_review/target_adjudication_decisions.csv,27,walking_speed,AMBIGUOUS_REQUIRES_REVIEW,"""kajtor_2025_alpha_syn_np6510"",""kajtor_2025_alpha_syn_np6510"",""PENDING_HUMAN_SIGNOFF"",""pre_stimulus_walking_speed_mm_s"","""",""mm/s"",""NOT_REPORTED"","""",""181"",""fly"",""TRANSFER_REVIEW_REQUIRED"",""validation_candidate"",""The paper reports threat-resp",NONE_UNTIL_REVIEW,walking_speed is not a canonical endpoint,AMBIGUOUS_REQUIRES_REVIEW
research/paper_review/target_digitization_signoff_05_report.md,20,walking_speed,AMBIGUOUS_REQUIRES_REVIEW,Đã tạo `research/paper_review/digitized/chen_2014_adult_walking_speed.csv` với phép đo raster có thể truy nguyên:,NONE_UNTIL_REVIEW,walking_speed is not a canonical endpoint,AMBIGUOUS_REQUIRES_REVIEW
research/paper_review/target_promotion_candidates.csv,2,walking_speed,LEGACY_ALIAS_UNPROVEN,"chen_2014_asyn_a30p_day30,human_alpha_synuclein,pan-neuronal Elav > human alpha-synuclein A30P,30,male,Horizontal open-field walking tracked at 17 fps,mean_planar_speed_mm_s,4.875,mm/s,CI95,0.525,20,fly,Figure 4f,10.1111/gbb.12172; PMID:251",NONE_UNTIL_REVIEW,definition does not prove equivalence,LEGACY_ALIAS_UNPROVEN
scripts/analyze_healthy_baseline.py,25,walking_speed,AMBIGUOUS_REQUIRES_REVIEW,"""walking_speed_mm_s"": ""Walking speed (Vận tốc đi bộ, mm/s)"",",NONE_UNTIL_REVIEW,walking_speed is not a canonical endpoint,AMBIGUOUS_REQUIRES_REVIEW
scripts/analyze_healthy_baseline.py,71,walking_speed,AMBIGUOUS_REQUIRES_REVIEW,"""walking_speed_mm_s"",",NONE_UNTIL_REVIEW,walking_speed is not a canonical endpoint,AMBIGUOUS_REQUIRES_REVIEW
scripts/analyze_healthy_baseline.py,306,walking_speed,AMBIGUOUS_REQUIRES_REVIEW,"speed = float(scalars.get(""walking_speed_mm_s"", math.nan))",NONE_UNTIL_REVIEW,walking_speed is not a canonical endpoint,AMBIGUOUS_REQUIRES_REVIEW
scripts/analyze_healthy_baseline.py,310,walking_speed,AMBIGUOUS_REQUIRES_REVIEW,"""positive_walking_speed"",",NONE_UNTIL_REVIEW,walking_speed is not a canonical endpoint,AMBIGUOUS_REQUIRES_REVIEW
scripts/analyze_healthy_baseline.py,312,walking_speed,AMBIGUOUS_REQUIRES_REVIEW,"f""walking_speed_mm_s={speed:.9g}"",",NONE_UNTIL_REVIEW,walking_speed is not a canonical endpoint,AMBIGUOUS_REQUIRES_REVIEW
scripts/analyze_healthy_baseline.py,324,walking_speed,AMBIGUOUS_REQUIRES_REVIEW,"""walking_speed_mm_s"": speed,",NONE_UNTIL_REVIEW,walking_speed is not a canonical endpoint,AMBIGUOUS_REQUIRES_REVIEW
scripts/analyze_healthy_baseline.py,392,walking_speed,AMBIGUOUS_REQUIRES_REVIEW,"""walking_speed_mm_s"",",NONE_UNTIL_REVIEW,walking_speed is not a canonical endpoint,AMBIGUOUS_REQUIRES_REVIEW
scripts/analyze_healthy_baseline.py,614,walking_speed,AMBIGUOUS_REQUIRES_REVIEW,"f""| {row['seed']} | {_fmt(row['walking_speed_mm_s'])} | """,NONE_UNTIL_REVIEW,walking_speed is not a canonical endpoint,AMBIGUOUS_REQUIRES_REVIEW
scripts/analyze_healthy_baseline.py,703,walking_speed,AMBIGUOUS_REQUIRES_REVIEW,"stats = summarize(rows, bootstrap_samples=args.bootstrap_samples) if all(""walking_speed_mm_s"" in row for row in rows) else []",NONE_UNTIL_REVIEW,walking_speed is not a canonical endpoint,AMBIGUOUS_REQUIRES_REVIEW
scripts/build_gate20_progress_report_pdf.py,170,walking_speed,LEGACY_ALIAS_UNPROVEN,"units = {""walking_speed_mm_s"": ""mm/s"", ""mean_planar_speed_mm_s"": ""mm/s"", ""distance_traveled_mm"": ""mm"", ""displacement_mm"": ""mm"", ""contact_ratio"": ""tỷ lệ"", ""joint_rms_velocity"": ""đơn vị joint/s""}",NONE_UNTIL_REVIEW,definition does not prove equivalence,LEGACY_ALIAS_UNPROVEN
scripts/build_gate20_progress_report_pdf.py,171,walking_speed,LEGACY_ALIAS_UNPROVEN,"for name in (""walking_speed_mm_s"", ""mean_planar_speed_mm_s"", ""distance_traveled_mm"", ""displacement_mm"", ""contact_ratio"", ""joint_rms_velocity""):",NONE_UNTIL_REVIEW,definition does not prove equivalence,LEGACY_ALIAS_UNPROVEN
scripts/build_visual_report.py,242,walking_speed,AMBIGUOUS_REQUIRES_REVIEW,"(""Walking speed (Tốc độ di chuyển)"", f""{scalar.get('walking_speed_mm_s', float(np.mean(data['thorax_speed']))):.8g}"", ""mm/s""),",NONE_UNTIL_REVIEW,walking_speed is not a canonical endpoint,AMBIGUOUS_REQUIRES_REVIEW
scripts/build_visual_report.py,258,walking_speed,AMBIGUOUS_REQUIRES_REVIEW,"(""Walking speed (T\u1ed1c \u0111\u1ed9 di chuy\u1ec3n)"", f""{scalar.get('walking_speed_mm_s', float(np.mean(data['thorax_speed']))):.8g}"", ""mm/s""),",NONE_UNTIL_REVIEW,walking_speed is not a canonical endpoint,AMBIGUOUS_REQUIRES_REVIEW
scripts/prepare_chen_only_calibration_objective.py,22,walking_speed,AMBIGUOUS_REQUIRES_REVIEW,"CHEN_SOURCE = ROOT / ""research/paper_review/digitized/chen_2014_adult_walking_speed.csv""",NONE_UNTIL_REVIEW,walking_speed is not a canonical endpoint,AMBIGUOUS_REQUIRES_REVIEW
scripts/prepare_chen_only_calibration_objective.py,285,walking_speed,AMBIGUOUS_REQUIRES_REVIEW,"source_provenance = ""research/paper_review/digitized/chen_2014_adult_walking_speed.csv""",NONE_UNTIL_REVIEW,walking_speed is not a canonical endpoint,AMBIGUOUS_REQUIRES_REVIEW
scripts/run_calibrated_confirmation_rerun.py,62,walking_speed,AMBIGUOUS_REQUIRES_REVIEW,"""walking_speed_mm_s_raw"",",NONE_UNTIL_REVIEW,walking_speed is not a canonical endpoint,AMBIGUOUS_REQUIRES_REVIEW
scripts/run_disease_conditions_multiseed.py,75,walking_speed,AMBIGUOUS_REQUIRES_REVIEW,"""walking_speed_mm_s_raw"",",NONE_UNTIL_REVIEW,walking_speed is not a canonical endpoint,AMBIGUOUS_REQUIRES_REVIEW
scripts/run_disease_conditions_multiseed.py,101,walking_speed,AMBIGUOUS_REQUIRES_REVIEW,"""walking_speed_mm_s_raw"",",NONE_UNTIL_REVIEW,walking_speed is not a canonical endpoint,AMBIGUOUS_REQUIRES_REVIEW
scripts/run_disease_conditions_multiseed.py,154,walking_speed,AMBIGUOUS_REQUIRES_REVIEW,"""walking_speed_mm_s_raw"",",NONE_UNTIL_REVIEW,walking_speed is not a canonical endpoint,AMBIGUOUS_REQUIRES_REVIEW
scripts/run_disease_conditions_multiseed.py,569,walking_speed,AMBIGUOUS_REQUIRES_REVIEW,"""walking_speed_mm_s_raw"": metrics.get(""walking_speed_mm_s"", """"),",NONE_UNTIL_REVIEW,walking_speed is not a canonical endpoint,AMBIGUOUS_REQUIRES_REVIEW
scripts/run_disease_conditions_multiseed.py,569,walking_speed,AMBIGUOUS_REQUIRES_REVIEW,"""walking_speed_mm_s_raw"": metrics.get(""walking_speed_mm_s"", """"),",NONE_UNTIL_REVIEW,walking_speed is not a canonical endpoint,AMBIGUOUS_REQUIRES_REVIEW
scripts/run_disease_conditions_multiseed.py,1092,walking_speed,AMBIGUOUS_REQUIRES_REVIEW,"""walking_speed_mm_s_raw"": metrics.get(""walking_speed_mm_s"", """"),",NONE_UNTIL_REVIEW,walking_speed is not a canonical endpoint,AMBIGUOUS_REQUIRES_REVIEW
scripts/run_disease_conditions_multiseed.py,1092,walking_speed,AMBIGUOUS_REQUIRES_REVIEW,"""walking_speed_mm_s_raw"": metrics.get(""walking_speed_mm_s"", """"),",NONE_UNTIL_REVIEW,walking_speed is not a canonical endpoint,AMBIGUOUS_REQUIRES_REVIEW
scripts/run_gate22_parkin_healthy_comparison.py,29,walking_speed,AMBIGUOUS_REQUIRES_REVIEW,"""walking_speed_mm_s"",",NONE_UNTIL_REVIEW,walking_speed is not a canonical endpoint,AMBIGUOUS_REQUIRES_REVIEW
scripts/run_gate22_parkin_healthy_comparison.py,36,walking_speed,AMBIGUOUS_REQUIRES_REVIEW,"""walking_speed_max_mm_s"",",NONE_UNTIL_REVIEW,walking_speed is not a canonical endpoint,AMBIGUOUS_REQUIRES_REVIEW
scripts/run_gate24e_runtime_adapter.py,49,walking_speed,AMBIGUOUS_REQUIRES_REVIEW,"RAW_METRIC_SOURCES = (""walking_speed_mm_s"", ""total_distance_mm"")",NONE_UNTIL_REVIEW,walking_speed is not a canonical endpoint,AMBIGUOUS_REQUIRES_REVIEW
scripts/run_gate24e_runtime_adapter.py,497,walking_speed,AMBIGUOUS_REQUIRES_REVIEW,# The pinned FlyGym exporter currently emits walking_speed_mm_s and,NONE_UNTIL_REVIEW,walking_speed is not a canonical endpoint,AMBIGUOUS_REQUIRES_REVIEW
scripts/run_healthy_baseline_gate19.py,389,walking_speed,AMBIGUOUS_REQUIRES_REVIEW,"f""| {row['seed']} | `{row['status']}` | {row.get('walking_speed_mm_s', '-') } | """,NONE_UNTIL_REVIEW,walking_speed is not a canonical endpoint,AMBIGUOUS_REQUIRES_REVIEW
scripts/run_healthy_baseline_multiseed.py,274,walking_speed,AMBIGUOUS_REQUIRES_REVIEW,"if displacement > 0 and float(metrics.get(""walking_speed_mm_s"", 0.0)) > 0",NONE_UNTIL_REVIEW,walking_speed is not a canonical endpoint,AMBIGUOUS_REQUIRES_REVIEW
scripts/run_healthy_baseline_multiseed.py,573,walking_speed,AMBIGUOUS_REQUIRES_REVIEW,"speed = row.get(""walking_speed_mm_s"", ""-"")",NONE_UNTIL_REVIEW,walking_speed is not a canonical endpoint,AMBIGUOUS_REQUIRES_REVIEW
scripts/run_healthy_baseline_multiseed.py,611,walking_speed,LEGACY_ALIAS_UNPROVEN,"(""walking_speed_mm_s"", ""mean_planar_speed_mm_s""),",NONE_UNTIL_REVIEW,definition does not prove equivalence,LEGACY_ALIAS_UNPROVEN
scripts/run_healthy_baseline_multiseed.py,791,walking_speed,AMBIGUOUS_REQUIRES_REVIEW,"""The raw walking_speed_mm_s is mean instantaneous path speed and is retained separately.""",NONE_UNTIL_REVIEW,walking_speed is not a canonical endpoint,AMBIGUOUS_REQUIRES_REVIEW
tests/test_gate09b_calibration_readiness.py,21,walking_speed,AMBIGUOUS_REQUIRES_REVIEW,+ 'provenance=research/paper_review/digitized/chen_2014_adult_walking_speed.csv;',NONE_UNTIL_REVIEW,walking_speed is not a canonical endpoint,AMBIGUOUS_REQUIRES_REVIEW
tests/test_gate11_healthy_baseline.py,57,walking_speed,AMBIGUOUS_REQUIRES_REVIEW,"metrics={""walking_speed_mm_s"": 1.0},",NONE_UNTIL_REVIEW,walking_speed is not a canonical endpoint,AMBIGUOUS_REQUIRES_REVIEW
tests/test_gate18_movement_verified_rollout.py,42,walking_speed,AMBIGUOUS_REQUIRES_REVIEW,"assert locomotion[""walking_speed_mm_s""] > 0",NONE_UNTIL_REVIEW,walking_speed is not a canonical endpoint,AMBIGUOUS_REQUIRES_REVIEW
tests/test_gate18_movement_verified_rollout.py,70,walking_speed,AMBIGUOUS_REQUIRES_REVIEW,"assert float(rows[""walking_speed""][""value""]) > 0",NONE_UNTIL_REVIEW,walking_speed is not a canonical endpoint,AMBIGUOUS_REQUIRES_REVIEW
tests/test_gate19_healthy_baseline.py,46,walking_speed,AMBIGUOUS_REQUIRES_REVIEW,"""scalar_metrics"": {""walking_speed_mm_s"": 2.0},",NONE_UNTIL_REVIEW,walking_speed is not a canonical endpoint,AMBIGUOUS_REQUIRES_REVIEW
tests/test_gate19_healthy_baseline.py,56,walking_speed,AMBIGUOUS_REQUIRES_REVIEW,"assert metrics[""walking_speed_mm_s""] == 2.0",NONE_UNTIL_REVIEW,walking_speed is not a canonical endpoint,AMBIGUOUS_REQUIRES_REVIEW
tests/test_gate24e_blinded_prediction_analysis.py,98,walking_speed,AMBIGUOUS_REQUIRES_REVIEW,"metrics[""scalar_metrics""] = {""walking_speed_mm_s"": 999.0}",NONE_UNTIL_REVIEW,walking_speed is not a canonical endpoint,AMBIGUOUS_REQUIRES_REVIEW
tests/test_healthy_baseline_analysis.py,20,walking_speed,AMBIGUOUS_REQUIRES_REVIEW,"""walking_speed_mm_s"",",NONE_UNTIL_REVIEW,walking_speed is not a canonical endpoint,AMBIGUOUS_REQUIRES_REVIEW
tests/test_healthy_baseline_analysis.py,73,walking_speed,AMBIGUOUS_REQUIRES_REVIEW,"""walking_speed_mm_s"": 1.0,",NONE_UNTIL_REVIEW,walking_speed is not a canonical endpoint,AMBIGUOUS_REQUIRES_REVIEW
